"endef","mmdef"
"A","Alpha"
"absent without leave","ခြင့္မဲ့ပ်က္ကြက္ျခင္း"
"absolute control of air","ေလေၾကာင္းစစ္အၾကြင္းမဲ့ခိုင္ၿမဲမွု"
"acclimatize","ရာသီဥတုခံႏိုင္သည္။"
"accommodation","ေနရာထိုင္ခင္း"
"accounts","ေငြစာရင္း"
"acknowledge","ရေၾကာင္းျပန္"
"acknowledge message","ရေၾကာင္းေၾကးနန္းစာ"
"acquitted","တရားေသလႊတ္သည္"
"acting","ေခတၱထမ္းရြက္ျခင္း"
"acting rank(e.g.Acting Corporl)","ေခတၱရာထူး(ဥပမာ-ေခတၱတပ္ၾကပ္)"
"action","တိုက္ပြဲ၊ အေရးယူျခင္း၊ တိုက္ခိုက္မွု၊ လုပ္ေဆာင္မွု"
"active service","တန္းျပည့္စစ္မွုထမ္း"
"additional troops/units","ထပ္ျဖည့္တပ္မ်ား"
"ad hoc","က်ပန္း"
"adjacent Units","ေဘးခ်င္းကပ္တပ္မ်ား"
"administration"," အုပ္ခ်ဳပ္ေရး  အုပ္ခ်ဳပ္မွု"
"administrative approval","အုပ္ခ်ဳပ္မွု အတည္ျပဳခ်က္"
"administrative area(General)","အုပ္ခ်ဳပ္မွုတပ္မ်ားေနရာ"
"administrative arrangements","အုပ္ခ်ဳပ္မွု အစီအစဥ္မ်ား"
"administrative boundaries","အုပ္ခ်ဳပ္မွု နယ္နိမိတ္မ်ား"
"administrative command(Authority)","အုပ္ခ်ဳပ္မွု အာဏာ"
"administrative command(HQ)","အုပ္ခ်ဳပ္မွု ဌာနခ်ဳပ္(ရုံး)"
"administrative conference","အုပ္ခ်ဳပ္မွု အစည္းအေဝးမ်ား"
"administrative detail","အုပ္ခ်ဳပ္မွု အေသးစိတ္"
"administrative group","အုပ္ခ်ဳပ္မွု တပ္အစု"
"administrative installation","အုပ္ခ်ဳပ္မွု အေဆာက္အအံု"
"administrative intention","အုပ္ခ်ဳပ္မွု ရည္မွန္းခ်က္"
"administrative layout","အုပ္ခ်ဳပ္မွု တပ္အေနအထား"
"administrative order","အုပ္ခ်ဳပ္မွု အမိန္႕"
"administrative pamphlet(Instructions)","အုပ္ခ်ဳပ္မွု စာေစာင္(ညႊန္႕ၾကားခ်က္မ်ား)"
"administrative plan","အုပ္ခ်ဳပ္မွု စီမံခ်က္"
"administrative regrouping","အုပ္ခ်ဳပ္မွု ျပန္လည္စုဖြဲ႕ျခင္း"
"administrative service","အုပ္ခ်ဳပ္မွု ဝန္ထမ္းတပ္မ်ား"
"Administrative staff","အုပ္ခ်ဳပ္မွု ဦးစီးအဖြဲ႕"
"administrative unit","အုပ္ခ်ဳပ္မွု တပ္"
"advance(in Movement Formation)","ခ်ီတက္ျခင္း"
"advance(in Tactical Formation)","ခ်ီစစ္(နည္းဗ်ဴဟာေျမာက္)"
"advance(in Dressing Station)","ေရွ႕ေျပးေဆးထည့္စခန္း"
"advance (Guard)","ေရွ႕ရံတပ္"
"advance money","စရံေငြ"
"advance movements by bounds","တစ္ေထာက္ၿပီး တစ္ေထာက္ ခ်ီတက္ျခင္း ၊တစ္ဆင့္စီ တက္ျခင္း၊တစ္ဆင့္ျပီးမွ တစ္ဆင့္တက္ျခင္း"
"advance of pay","ႀကိဳတင္လစာ"
"advance to contact","ရင္ဆိုင္ရန္ ခ်ီတက္ျခင္း"
"advance with great momentum","တဟုန္ထိုး စစ္ခ်ီျခင္း၊ တရွိန္ထိုး ခ်ီတက္ျခင္း"
"advertisement","ေၾကာ္ျငာ"
"a echelon","(က)ယာဥ္စု"
"affirmed(Legal)","သစၥာျပဳသည္"
"aggressive","တိုက္လို ခိုက္လိုစိတ္ ျပင္းျပစြာျဖင့္"
"aim, intention","ရည္ရြယ္ခ်က္"
"aiming disc","ခ်ိန္နည္းသင္ျပား"
"aiming point","ခ်ိန္မွတ္"
"aiming post","ခ်ိန္တိုင္"
"airborne assault","ေလေၾကာင္းမွဆင္း၍ တိုက္စစ္၊ ေလေၾကာင္းဆင္းတိုက္စစ္"
"airborne troops","ေလေၾကာင္းခ်ီ တပ္မ်ား"
"airburst (Arty)","ေလကြဲ"
"air contact team(ACT)","ေလေၾကာင္းဆက္သြယ္ေရးအဖြဲ႕"
"air drop","ေလေၾကာင္းျဖင့္ ခ်ေပးျခင္း"
"air freight from(Manifest)","ေလေၾကာင္းကုန္တင္ပံုစံ"
"airhead","ေလေၾကာင္းလမ္းဆံု၊ ေလေၾကာင္္းေျခကုတ္စခန္း"
"air landed troops","ေလေၾကာင္းမွဆင္းသည့္တပ္မ်ား"
"air liaison officer","ေလေၾကာင္းဆက္ဆံေရးအရာရွိ"
"air lift","ေလယာဥ္ျဖင့္သယ္ယူျခင္း"
"air observation post(Air OP)","ေလေၾကာင္း/ေလယာဥ္စီးအကဲၾကည့္"
"airport","ေလဆိပ္"
"air superiority","ေလေၾကာင္းအေရးသာျခင္း"
"air support","ေလေၾကာင္းအကူ"
"air support signal unit(Tentacle)(ASSU)","ေလေၾကာင္း ဆက္သြယ္ေရးတပ္(တပ္ဆြယ္)"
"air supremacy","ေလေၾကာင္း စိုးမိုးျခင္း"
"air transported troops","ေလယာဥ္တင္တပ္မ်ား"
"all clear signar(Air)","ေအးေစ အခ်က္ေပး(ေလေၾကာင္းရန္)"
"all round defence","ပတ္လည္ ခံစစ္"
"all round tranverse","စက္ဝိုင္းျပည့္လွည့္ႏုိင္ျခင္း"
"allocation","ခြဲေ၀ေပးျခင္း"
"allotment, family","လစာမွ အိမ္ေထာင္စုအတြက္ ခြဲထုပ္ေပးေငြ"
"allowance","စရိတ္"
"allowance, conveyance","ပို႕ေဆာင္ေရး စရိတ္"
"allowance, cost of living","ရွားပါး စရိတ္"
"allowance, deputation","ဌာနျခားအမွုထမ္း စရိတ္"
"allowance, entertainment","ဧည့္ခံ စရိတ္"
"allowance, furniture","ပရိေဘာဂ စရိတ္"
"allowance, lodging","အိမ္လခ စရိတ္"
"allowance, mufti","အရပ္၀တ္စံု စရိတ္"
"allowance, officiating","တာ၀န္တိုးယူေဆာင္ရြက္ရသည့္စရိတ္"
"allowance, outfit","အရာရွိ၀တ္စံု စရိတ္"
"allowance, ration","ရိကၡာ စရိတ္"
"allowance, traveling","ခရီး စရိတ္"
"allowance, uniform","စစ္၀တ္စံု စရိတ္"
"allowance, officer/other ranks","အရာရွိမ်ားႏွင့္ စစ္သည္မ်ားဧ။္ အပိုေၾကးမ်ား"
"ambush","ခ်ံဳခိုတိုက္ပြဲ၊ ခ်ံဳခိုတိုက္ခိုက္ျခင္း"
"amendment","ျပင္ဆင္ခ်က္"
"amenities","သက္သာေခ်ာင္ခ်ိမွု ဆိုင္ရာကိစၥမ်ား"
"ammunition","ခဲယမ္းမီးေက်ာက္"
"ammunition point","က်ည္ေ၀စခန္း"
"amphibious observation regiment","ကုန္းေရးႏွစ္သြယ္ ရွာေဖြေရး တပ္ရင္း"
"amphibious tanks","ကုန္းေရသြား တင့္ကားမ်ား"
"amphibious task force","ကုန္းေရႏွစ္သြယ္ တပ္ဖြဲ႕"
"amphibious troops","ၾကည္းေရႏွစ္သြယ္ တပ္မ်ား"
"analysis","ေ၀ဖန္ဆန္းစစ္မႈ၊ သေဘာသရုပ္ခြဲမႈ"
"ancillary","အေထြေထြ၊ အတိုအထြာ"
"angle","ေထာင့္"
"annual incerment","ႏွစ္တိုးလစာ"
"annual report","ႏွစ္ခ်ဳပ္အစီရင္ခံစာ"
"anti-gas clothing","ဓါတ္ေငြ႕ကာ၀တ္စံု"
"anti-personal mine(AP)","လူသတ္မိုင္း"
"anti-tank defence","တင့္ကားရန္ ကာကြယ္ေရး"
"anti-tank mine","တင့္ဖ်က္မိုင္း"
"anticipation","တင္ကူးသိျမင္ျခင္း"
"appendix","ေနာက္ဆက္တြဲ"
"application of fire","ပစ္အားသံုးနည္း"
"appointment","ရာထူး"
"appreciation","အေျခအေနသံုးသပ္ခ်က္"
"approach","ခ်ဥ္းကပ္ျခင္း"
"approval","အတည္ျပဳခ်က္"
"arbitrary","အလိုရွိသလို ျပဳလုပ္ေသာ"
"area defence","နယ္အလိုက္ခံစစ္"
"armament and small arms section","လက္နက္ျပင္ ဌာနစိတ္"
"armed forces","လက္နက္ကိုင္တပ္ဖြဲ႕မ်ား"
"armoured","သံခ်ပ္ကာ"
"armoured fighting vehicle(AFV)","သံခ်ပ္ကာ တိုက္ယာဥ္"
"armoured personnel carrier(APC)","သံခ်ပ္ကာ လူတင္ယာဥ္"
"armoured recovery behicle(ARV)","သံခ်ပ္ကာ ျပန္လွန္ရယူေရးယာဥ္"
"armourer","လက္နက္ျပင္"
"army air liaison officer","ၾကည္း-ေလ ဆက္ဆံေရးအရာရွိ"
"army area","တပ္ေတာ္နယ္"
"army group","တပ္ေတာ္စု"
"army troops","တပ္မေတာ္ပိုင္တပ္မ်ား"
"arraigment","တရားခံအား ရုံးေတာ္ ေရွ႕ေမွာက္၌ စြဲခ်က္တင္ျခင္း"
"arrow head formation","ျမားဦးပံု ခ်ီတက္ျခင္း"
"artificial","လူလုပ္ထားေသာ"
"assault","ေခ်မႈန္းျခင္း"
"aassault boat","တိုက္ေလွ"
"assault cable","တိုက္ပြဲသံုး ေၾကးနန္းႀကိဳး"
"assault crossing(River)","ၿဖတ္ေက်ာ္တိုက္စစ္(ျမစ္ကူးတိုက္စစ္)"
"assault gun","ေမာင္းၿပန္ေသနတ္"
"assault wave","ေျခမႈန္းေရးအသုတ္"
"assembly area","စုရပ္"
"assembly of troops and material","တပ္မ်ားႏွင့္ ပစၥည္းမ်ား စုရုံးျခင္း"
"assets, present stock","လက္ရွိပစၥည္း"
"assumption","မွန္းဆခ်က္"
"atomic tactics","အႏုျမဴဆိုင္ရာ နည္းဗ်ဴဟာမ်ား"
"attached","တြဲဖက္ေပးျခင္း"
"attached  personnel","တြဲဖက္ထားသူ"
"attached troops","တြဲဖက္တပ္မ်ား"
"attachment","တြဲဖက္ထားျခင္း"
"attack","တိုက္စစ္"
"attributable to military service","စစ္မႈထမ္းျခင္းႏွင့္ သက္ဆိုင္သည္ဟု မွတ္ယူျခင္း"
"audit objection","စာရင္းစစ္  ကန္႕ကြက္ခ်က္"
"audit report","စာရင္းစစ္ အစီရင္ခံစာ"
"augment","ထပ္ဆင့္ျခင္း"
"authority","အခြင့္အာဏာ၊အာဏာပိုင္"
"authority concerned","သက္ဆိုင္ရာ အာဏာပိုင္"
"automatic weapon","ေမာင္းျပန္ လက္နက္"
"auxiliary, reserve","အရံ"
"auxiliary weapon","အရံလက္နက္"
"avenue, route","လမ္းေၾကာင္း"
"avenues of approach","ခ်ဥ္းကပ္ရန္ လမ္းေၾကာင္း"
"awaiting","ေစာင့္ဆိုင္းေနေသာ"
"award manual","ဆုလက္စြဲက်မ္း"
"away on duty","တာ၀န္ျဖင့္အေ၀းေရာက္ေနျခင္း"
"axis, axes","စစ္ေၾကာင္း"
"B","Bravo"
"b echelon","(ခ)ယာဥ္စု"
"back blast","ေနာက္ထြက္ေလဟုန္"
"back loading point","ေနာက္ပိုင္း ျပန္ပို႕ေနရာ"
"badge of rank","အဆင့္တံဆိပ္မ်ား"
"balance","ဟန္ခ်က္ညီမႈ"
"balanced foce(Tactical Integrity)","ဟန္ခ်က္ညီေသာ အင္အားစု"
"balloon","မိုးပ်ံေဘာလံုး၊ မိုးပ်ံေလအိတ္"
"bank master","ကမ္းေျခအုပ္"
"barge","တုန္ကင္း(ေလွ)"
"barrier, obstacle","အတားအဆီး"
"base","အေျခခ်စခန္း၊ ေျခကုတ္စခန္း"
"base area","အေျခခ်နယ္၊ ေျခကုတ္နယ္"
"basic","အေျခခံ၊ မူလအစ"
"batch","အစု၊ အတြဲ"
"battalion headquarters and above","တပ္ရင္းရံုးႏွင့္ အထက္ဌာနခ်ဳပ္မ်ား"
"battle","တိုက္ပြဲ"
"battle craft","တိုက္ပြဲ ကၽြမ္းက်င္မႈ"
"battle field","စစ္ေျမျပင္၊ စစ္တလင္း"
"battle honours","တိုက္ပြဲ ဂုဏ္ထူးမ်ား"
"battle position","တိုက္ပြဲေနရာ၊ တလင္း"
"battle procedure","တိုက္ပြဲလုပ္ငန္း စည္းမ်ဥ္း"
"beach","ကမ္းေျခ"
"beach-dump","ကမ္းေျခရွိ ပစၥည္းအစုအပံု"
"beach-master","ကမ္းေျခမႈး"
"beach-party","ဆိပ္ကမ္းႀကီးၾကပ္ေရးအဖြဲ႕"
"beach-support area","ကမ္းေျခအုပ္ခ်ဳပ္မႈ ေနရာ"
"bearing","ညႊန္းဒီဂရီ"
"beaten zone","က်ည္က်ေျမ၊ က်ည္ခေျမ"
"bee hive","ပ်ားအံု"
"bi-annnual stock return","(၆)လပတ္ ပစၥည္းရိကၡာစာရင္း"
"bill","ဘီလ္ စာရင္း"
"bill of lading","ေလဒင္စာခ်ဳပ္"
"billet","တပ္တည္းခိုျခင္း"
"biological warfare","ေရာဂါပိုးမ်ားျဖင့္ စစ္ဆင္ျခင္း"
"bivouac","ခရီးနားစခန္း"
"blacksmith","ပန္းဘဲ"
"blind ammunition","က်ည္အ"
"boat of loading point","ေလွမ်ားခ်ရာ ေနရာ"
"boad opening","ေလွမ်ားဖြင့္ရာ ေနရာ"
"bomber aircaft","ဗံုးႀကဲေလယာဥ္"
"booking office","လက္မွတ္ရုံ"
"boot maker","ဘိနပ္ခ်ဳပ္သမား"
"bound","တစ္ေထာက္နားျခင္း"
"bracketing","ကြင္း(ဂြင္း)ပိတ္ျခင္း"
"breach","ပ်က္ကြက္ျခင္း၊ ေဖာက္ထြက္ျခင္း"
"breach of contact","ကတိျပဳရိုက္စာခ်ဳပ္ ေဖာက္ဖ်က္ျခင္း"
"breaching","ေဖာက္ထြက္ျခင္း"
"breaching force","ေဖာက္ထြင္း တပ္ဖြဲ႕"
"break in","ေဖာက္၀င္ျခင္း"
"break out","ေဖာက္ထြက္ျခင္း"
"break through","ခ်ဥ္းနင္း ေဖာက္ထြက္မိျခင္း၊ ေဖာက္ထြက္ျခင္း"
"bridgehead","ေပါင္းကူး ေျခကုတ္"
"briefing","ႏႈတ္ျဖင့္ ညႊန္ၾကားျခင္း၊ အေသးစိတ္ ရွင္းျပျခင္း"
"browning","ေဆးေရာင္တင္ျခင္း"
"budget","ရသံုး စာရင္း"
"building up forces","တပ္အင္အား စုရံုးျခင္း"
"built up areas (fighthing in)","ၿမိဳ႕တြင္းတိုက္ပြဲ"
"bulldozer","ေျမထိုးစက္"
"bulletin","သတင္းလႊာ"
"by order","အမိန္႕အရ"
"by pass","ေရွာင္သြားျခင္း၊ ကြင္းသြားျခင္း"
"C","Charlie"
"cadet","ဗိုလ္ေလာင္း"
"cadre","တပ္တြင္းသင္တန္း၊ သေႏၶအင္အား"
"cadre personnel","သေႏၶ(စစ္သည္)"
"calibrator frequency(signal)","စက္တြင္း လႈိင္းႏႈန္းညိွျခင္း(ဆက္သြယ္ေရး)"
"calibrator","ေျပာင္းအားညွိ ကိရိယာ"
"calibrating troops","ေျပာင္းအားညွိ တပ္မ်ား"
"calibre","ေျပာင္းအခ်င္း"
"call","အေခၚ၊ ေခၚသည္။"
"camouflage","ရုပ္ဖ်က္ျခင္း"
"camouflage Net","ရုပ္ဖ်က္ပိုက္"
"campaign","တိုက္ပြဲစဥ္"
"canalize","က်ံဳးသြင္းသည္"
"cancle","ပယ္ဖ်က္ျခင္း"
"canvas and webbing","ပတၱဴစႏွင့္အကာစ"
"capability","စြမ္းေဆာင္ႏုိင္မႈ"
"car, vehicle park","ယာဥ္ရပ္ရန္ေနရာ"
"cargo classification","ကုန္အမ်ိဳးအစား ခြဲျခားျခင္း"
"carpenter","လက္သမား"
"carrier bomb","ပစၥည္းခ်ဗံုး"
"cartridge bag(artillery)","ယမ္းအိတ္"
"case file","အမႈတြဲ"
"cashiered","ရႈတ္ခ်၍ ရာထူးမွ ထုပ္ပယ္ျခင္း"
"casualty return","ျဖစ္စဥ္ျပန္တမ္း"
"catalogue","အမ်ိဳးအစားစာရင္း"
"category","အဆင့္အတန္း၊ အမ်ိဳးအစား"
"CE(Chief Engineer)","အင္ဂ်င္နီယာခ်ုဳပ္"
"cease Fire","အပစ္ ရပ္ျခင္း၊ အပစ္ ၿပီးဆံုးျခင္း"
"censor","တရား၀င္ စစ္ေဆး၊ တည္းဖ်က္မႈ"
"censorship","တရား၀င္ စစ္ေဆး၊ တည္းဖ်က္ျခင္း"
"central bank master","ဗဟိုကမ္းေျခအုပ္"
"centralisation","ဗဟိုမွ စုကိုင္ျခင္း"
"centralised control","ဗဟိုမွ စုရံုးႀကီးၾကပ္မႈ"
"central line","ဗဟိုမ်ဥ္း"
"ceremonial","အခမ္းအနား"
"certificate of zeal and ability","ဇြဲႏွင့္ စြမ္းရည္လက္မွတ္"
"chain of command","ဆင့္ကဲ၊ ကြပ္ကဲမႈစနစ္"
"challenge(sentry)","ရင္ဆိုင္ျခင္္း"
"chamber","က်ည္ထိုးအိမ္"
"change of administrative command","အုပ္ခ်ဳပ္မႈအာဏာ ေျပာင္းလႊဲျခင္း"
"channel of supply(system)","ေထာက္ပံ့ေရးစနစ္"
"characteristics","အဂၤါရပ္မ်ား"
"charge","စြဲခ်က္"
"charge alternative","အျခား စြဲခ်က္"
"charge sheet","စြဲခ်က္လႊာ"
"chart","ကားခ်ပ္"
"chartered craft","စင္းလံုးငွားယာဥ္"
"chemical defoliants","ရြက္ေၾကြေစေသာေဆး"
"chemical warfare","ဓါတုေဗဒ စစ္ဆင္ေရး"
"chief instructor","နည္းျပအရာရွိခ်ဳပ္"
"china graph pencil","ေျမပံုေရးဆြဲရာတြင္ အသံုးျပဳေသာ ခဲတံ"
"cipher","ဝွက္စာ"
"circulation file","ေဝငွစာတြဲ"
"circulation letter","ေဝငွစာ"
"circulation ship","ေဝငွလႊာ"
"civil affairs, military government, military administration","စစ္အဖြဲ႕ ၿမိဳ႕နယ္အုပ္ခ်ဳပ္ေရး"
"civil defence","ဲျပည္သူ႕ကာကြယ္ေရး"
"civilian chowkidar","အရပ္သား အေစာင့္"
"civilian employees","အရပ္သား အမႈထမ္းမ်ား"
"civilian labour","အရပ္သား လုပ္သားမ်ား"
"civilian school master","အရပ္သား ေက်ာင္းဆရာ"
"class composition of units","တပ္ဝင္ တိုင္းရင္းသား အမ်ိဳးအစား"
"classroom equipment","စာသင္ခန္းပစၥည္း"
"classification(general term)","အမ်ိဳးခြဲျခင္း"
"classification of casualties","လူနာအမ်ိဳးအစား ခြဲျခားျခင္း"
"clause(legal), paragraph","အပိုဒ္"
"climate","ရာသီဥတု"
"clinometer","ကလိုင္ႏိုမီတာ"
"close arrest","အက်ဥ္းခ်ဴပ္"
"close country","ေတာေတာင္ ထူထပ္ေသာေျမ"
"close defence fire","ခံစစ္ အနီးပစ္"
"close formation","ခပ္စိပ္စိပ္ တပ္ျဖန္႕ျခင္း"
"close sopport fire","အနီးကပ္ပစ္ကူ"
"close sopport troops","အနီးကပ္အကူတပ္"
"code name","အမည္ဝွက္"
"code word","စကားဝွက္"
"collecting point","လူစုရာေနရာ"
"column (MT)","ကားတန္း"
"column(tactical)","စစ္ေၾကာင္း"
"column(formation)","စစ္ေၾကာင္းလိုက္ တပ္ျဖန္႕ခြဲမႈ"
"combat, action, battle","တိုက္ပြဲ"
"combat aviation","ေလေၾကာင္းတိုက္ခိုက္ေရး တပ္မ်ား"
"combat command (HQ)","ကြပ္ကဲမႈဌာနခ်ဳပ္"
"combat command (troops)","ယႏ ၱရားစစ္ဗ်ဴဟာအဖြဲ႕"
"combat team (brigade, RCT)","တပ္မဟာအဖြဲ႕"
"combat troops","တိုက္ခိုက္ေရးတပ္"
"combat zone(front field area)","တိုက္ပြဲနယ္။ ေရွ႕တန္းနယ္"
"combatisation","စစ္သည္အျဖစ္ လြဲေျပာင္းျခင္း"
"combined operation","ေပါင္းစည္း စစ္ဆင္မႈ"
"coming under command","ကြပ္ကဲမႈေအာက္ေရာက္ျခင္း"
"command","စစ္တိုင္း"
"command (tactics)","ကြပ္ကဲမႈ"
"command channel","ကြပ္ကဲမႈစနစ္"
"command post","ကြပ္ကဲမႈဌာန"
"commando operation","ကြန္မန္ဒိုစစ္ဆင္ေရး"
"commit","တာဝန္လႊဲအပ္ၿပီးျဖစ္ျခင္း၊ တာဝန္ေပးျခင္း၊ သံုးျခင္း"
"commitment","တာဝန္ခံရေသာ လုပ္ငန္းမ်ား"
"common goal","အားလံုးဧ။္ ပန္းတိုင္"
"communication center(road)","လမ္းစုမ်ား"
"communication center(signal)","ဗဟိုဆက္သြယ္ေရးရုံး (ေၾကးနန္းရုံး)"
"communication officer","ဆက္သြယ္ေရး အရာရွိ"
"communication reconnaissance","ဆက္သြယ္မႈ ကင္းေထာက္"
"communication zone","လမ္းေၾကာင္းေဒသနယ္"
"communication","ဆက္သြယ္မႈ"
"company headquarters","တပ္ခြဲရုံး"
"compass box","သံလိုက္အိမ္ေျမွာင္ဗူး၊ ေသတၱာ"
"compensation","ေလ်ာ္ေၾကး"
"competent financial authority","ဘ႑ာေရးအာဏာပိုင္"
"compsite retirement","အၿငိမ္းစားယူေစျခင္း"
"conceal","ဖံုးကြယ္ျခင္း"
"concealment","ဖံုးကြယ္မႈ"
"concentrated fire","စုပစ္"
"concentration(mass US)","စုစည္းျခင္း"
"concentration area","(တပ္မ်ား) စုေပါင္းရာအရပ္၊ ေပါင္းရပ္"
"concentration of forces","အင္အားစုျခင္း"
"condemnation board","စစ္ေဆးပယ္ဖ်က္ေရးအဖြဲ႕"
"condemned store","ပယ္ဖ်က္ၿပီးပစၥည္း"
"conduct( of attack/ of battle)","(တိုက္ပြဲ) ကြပ္ကဲျခင္း"
"confidential","အတြင္းေရး"
"confirm","အတည္ျပဳသည္၊ အၿမဲတမ္းခန္႕အပ္သည္"
"confirmatory note","အတည္ျပဳလႊာ(စာ)"
"congestion","ဲျပြတ္သိပ္ေနျခင္း"
"conscription","ျပည္လံုးကၽြတ္ စစ္မႈထမ္း"
"consignee","ကုန္လက္ခံသူ"
"consignor","ကုန္ပို႔သူ"
"consolidation of success","ေအာင္ျမင္မႈကို ခိုင္ၿမဲေစျခင္း"
"consumption","စားသံုးမႈ၊ သံုးစြဲမႈ"
"contact (To Make Contact with the Enemy)","ရန္သူႏွင့္ ထိေတြ႔မႈျဖစ္ျခင္း"
"contain the enemy(To)","ရန္သူကို ခ်ဳပ္ထိမ္းထားျခင္း"
"contaminate","အဆိပ္ဓါတ္ေငြ႕ သို႕မဟုတ္ ေရာဂါပိုးပ်ံ႕လြင့္ေနျခင္း၊၎ပ်ံ႕လြင့္လ်က္ ရွိေနေသးျခင္း"
"continuous service","အဆက္မျပတ္ စစ္မႈထမ္းသက္"
"control","ႀကီးၾကပ္ျခင္း"
"control post","ႀကီးၾကပ္ရာေနရာ"
"controlled stores","ကန္႕သတ္ပစၥည္း"
"conventional","သမရုိးက်၊ ထံုးတမ္းစဥ္လာ"
"converging attacks","တစ္ေနရာထဲသို႕ စုဝင္ေသာတိုက္ခိုက္မႈ"
"conviction","အျပစ္ေပး စီရင္ျခင္း"
"convoy","ယာဥ္တန္း"
"cooperation","ပူးေပါင္း ေဆာင္ရြက္ျခင္း"
"coordination","ေပါင္းစပ္ညိွႏႈိင္းျခင္း"
"copper, tin smith","ေၾကးနီ/သံျဖဴရံု"
"copy","မိတၱဴ"
"copy to","မိတၱဴကို"
"corps","တပ္မႀကီး"
"corps maintenance area","တပ္မႀကီး ေထာက္ပံ႔ေရးနယ္"
"correspondence","စာေပးစာယူ"
"counter attack","တန္ျပန္ တိုက္စစ္"
"counter offensive","တန္ျပန္ထိုးစစ္"
"counter signature","ထပ္ဆင့္လက္မွတ္"
"countersign","ေရးထိုးသည္"
"courier","စာပို႕"
"course(in appreciation)","နည္းလမ္း"
"court","တရားရုံး"
"court of inqurity","စံုစမ္းေရးခံုရံုး"
"court of inqurity proceedings","စံုစမ္းေရးခံုရံုး အမႈတြဲမ်ား"
"court martial","စစ္တရားရံုး"
"court martial (district)","တိုင္းစစ္တရားခံုရံုးခ်ဳပ္"
"court martial (general)","စစ္တရားခံုရံုးခ်ဳပ္"
"court martial (summary)","တပ္တြင္းစစ္တရားခံုရံုး"
"court martial proceedings","စစ္တရားခံုရံုး အမႈတြဲမ်ား"
"cover","အကာအကြယ္"
"covering fire","ကာပစ္"
"covering posiyion","ေရွ႕ကာေနရာ"
"covering troops","ေရွ႕ကာတပ္မ်ား"
"craftsman","လက္မႈပညာ တပ္သား"
"credit note","ေငြသြင္းလႊာ"
"cross country","ခရီးၾကမ္း"
"crossfire","လက္ယွက္ထိုး ပစ္ခတ္ျခင္း"
"crossing control officer","ျဖတ္ကူးႀကီးၾကပ္ေရးအရာရွိ"
"current contract","လက္ရွိသေဘာတူစာခ်ဳပ္"
"current expenditure","လက္ငင္းသံုးစားစရိတ္"
"curriculum","သင္ရိုးညႊန္းတမ္း"
"custody","အခ်ဳပ္"
"D","Delta"
"d day","ယ-ရက္"
"daily allowance","ေန႔တြက္စရိတ္"
"daily strength return","ေန႔စဥ္ အင္အားအေျချပစာရင္း"
"danger, zone, space (SA&Arty)","စက္ကြင္းက်ေျမ"
"dawn","အရုဏ္တက္"
"dead space(ground)","က်ဥ္လြတ္ေျမ"
"death gratuity","သက္စြန္႔ဆုေငြ"
"debit","အေၾကြး"
"debit balance","အေၾကြး လက္က်န္"
"deceive","လွည့္စားျခင္း"
"decentralisation","လက္ေအာက္သို႔အာဏာျဖန္႔ေဝမႈ"
"deception camouflage","ေရာင္ျပရုပ္ဖ်က္"
"decisive","အရံႈးအႏိုင္ဆံုးျဖတ္ေသာ၊အဆံုးအျဖတ္ေပးႏုိင္ေသာ"
"decode","ဝွက္စာေဖာ္ျခင္း"
"deep in the rear","အေဝးေနာက္ေၾကာင္း"
"defeat in detail","ထုျဖင္႔ခံစစ္ဆင္ျခင္း"
"defence","ခံစစ္"
"defence in depth","ထုျဖင့္ခံစစ္ဆင္ျခင္း"
"defence line(Line of Defence)","ခံစစ္ေၾကာင္း"
"defence sector","ခံစစ္မ်က္ႏွာ အကန္႔"
"defence witness","တရားခံျပ သက္ေသ"
"defend","ကာကြယ္သည္၊ ေခ်ပသည္၊ ခုခံသည္"
"defend area","ကာကြယ္ထားေသာနယ္"
"defensive fire(DF)","ခံစစ္ပစ္ ပစ္ခတ္ျခင္း"
"defensive fire(SOS)","ခံစစ္ပစ္ ပစ္ခတ္ျခင္း(အေရးႀကီး)"
"defensive fire in depth","ခံစစ္ အေဝးပစ္"
"defensive measures","ကာကြယ္ေရး အစီအစဥ္မ်ား"
"deferred pay","ဆိုင္းထားလစာ"
"defiaded position","ေနာက္ကြယ္ေနရာ"
"defiles","လမ္းက်ဥ္းမ်ား(က်ဥ္းေျမာင္းေသာေနရာမ်ား)"
"definition","သတ္မွတ္ခ်က္၊အဓိပၸါယ္ ေဖာ္ျပခ်က္"
"degree of administrative command","အုပ္ခ်ဳပ္မႈအာဏာ အဆင့္"
"dreege of alertness","ႏုိးၾကားမႈအဆင့္"
"deege of darkness","အေမွာင္ထုအေျခအေန"
"delay","ေႏွာင့္ေႏွးျခင္း"
"delay report","ၾကန္႔ၾကာေၾကာင္းအစီရင္ခံစာ၊ေနာက္ရသတင္း"
"delayed action bomb","စနက္ေႏွးဗံုး"
"delaying action","ဟန္႔စစ္(ေႏွာင္႔ေႏွးေစေသာ တိုက္ပြဲမ်ား/လုပ္ေဆာင္မ်ား)"
"delaying forces","ဟန္႔စစ္ဆင္ေသာ တပ္မ်ား"
"delegation of financial power","ဘ႑ာေရး အာဏာလႊဲအပ္ျခင္း"
"deliberate (Defence)","ႀကိဳတင္စီစဥ္ေသာတိုက္စစ္၊ စီမံျပင္ဆင္ေသာ တိုက္စစ္"
"deliberate fire(Arty)","အေႏွးပစ္"
"deliberate, set piece attack","ႀကိဳတင္စီစဥ္ေသာ တိုက္စစ္၊ စီမံျပင္ဆင္ေသာ တိုက္စစ္"
"delivery period","ေပးသြင္းကာလ"
"demand","ေတာင္းဆိုျခင္း၊ေတာင္းခံျခင္း(ရိကၡာ)"
"demi-official letter","ဒီအိုစာ"
"demolition","ေဖာက္ခြဲဖ်က္ဆီးျခင္း"
"demonstration","သရုပ္ျပ၊သရုပ္ျပျခင္း"
"demurrage","အခ်ိန္ပိုေလ်ာ္ေၾကး"
"department","ဌာန"
"deployment","တပ္ျဖန္႔ျခင္း"
"deployment drill","တပ္ျဖန္႔စစ္ေရးျပ"
"deserter","တပ္ေျပး"
"despatch","စာပို႔ျခင္း"
"destination","ခရီးလမ္းဆံုး၊ ပန္းတိုင္"
"destroy","ဖ်က္ဆီးျခင္း"
"destruction fire","ဖ်က္ဆီးရန္ပစ္ျခင္း၊ ဖ်က္ဆီးရန္ပစ္ခတ္မႈ"
"detach","ခြဲထုတ္သည္၊ ႏုတ္ယူသည္။"
"detachment","ခြဲထုတ္တပ္"
"á®detail(on range)","အဆိုင္း(စက္ပစ္ကြင္း)"
"detail","အေသးစိတ္"
"detonator","မီးကူးတံ"
"á®deviation order","မူေျပာင္းအမိန္႔"
"diagram","ပံုစံ"
"dig in","က်င္းတူး၍ ေနရာယူျခင္း"
"direct support (Unit)","တိုက္ရုိက္ အကူအညီေပးတပ္"
"direct staff (DS)","နည္းျပဆရာအဖြဲ႕"
"direction","အရပ္မ်က္ႏွာ"
"direction of war","စစ္ဦးေဆာင္မႈ"
"direction post","လမ္းျပ မွတ္တိုင္မ်ား"
"directive","ညႊန္ၾကားလႊာ"
"disability pension","နာမစြမ္း အၿငိမ္းစားလစာ"
"disadvantage(to place at a)","အက်ိဳးယုတ္ေစေသာ"
"disband","တပ္ဖ်က္သိမ္းျခင္း"
"discharge","ထြက္ခြင့္ျပဳသည္၊ ထြက္ခြင့္ရသည္"
"discharged","ႏႈတ္ထြက္ေစသည္"
"discharge from the service","စစ္မႈထမ္းမွ ႏႈတ္ထြက္ေစသည္"
"disciplinary action","စည္းကမ္းအရ အေရးယူျခင္း"
"discipline","စည္းကမ္း"
"discipline cases","စည္းကမ္းက်ဴးလြန္သည့္ အမႈအခင္းမ်ား"
"discrepancy","ခၽြတ္ယြင္းခ်က္"
"discussion","ေဆြးေႏြးပြဲ"
"disembody","အရံ စစ္မႈထမ္းအျဖစ္ ျပန္ေျပာင္းေပးျခင္း"
"disengage","တပ္ခြာျခင္း"
"dismiss","ထုပ္ပယ္ျခင္း"
"dispensed with","စစ္မႈထမ္းျခင္းမွ ရပ္စဲလိုက္ျခင္း"
"dispersal control officer","ခြဲလႊတ္ ႀကီးၾကပ္ေရးအရာရွိ"
"dispersal point(Dis P)","ခြဲလႊတ္ေနရာ၊ ခြဲလႊတ္ရပ္"
"dispersal point(vehicle dispersal)","ယာဥ္စု ခြဲလႊတ္ေနရာ၊ ဆံုးထိပ္"
"disperse","ျဖန္႔ျခင္း"
"dispersion","ႀကဲျဖန္႔ထားျခင္း"
"disposal","ထုခြဲျခင္း၊ သင့္ေတာ္သလို ေဆာင္ရြက္ျခင္း"
"disposed on broat front","စစ္မ်က္ႏွာ က်ယ္ျပန္႔စြာ တ္ျဖန္႔ထားျခင္း"
"disposition","ေနရာခ်ထားမႈမ်ား၊ တပ္အေနအထား"
"disrupt","ကြဲပ်က္ေစသည္၊ျဖတ္ေတာက္ျခင္း"
"disseminate","ျဖန္႔ခ်ီျခင္း"
"dissolved","ဖ်က္သိမ္းသည္"
"distant reconnaissance","အေဝး ကင္းေထာက္ျခင္း"
"distributed fire","ခ်ဲပစ္ျခင္း"
"distribution","ျဖန္႔ေဝျခင္း"
"á®á­á­á­dive bombing","စိုက္ထိုး ဗံုးႀကဲျခင္း"
"diversionary attack","စစ္လႊဲ လမ္းလႊဲတိုက္ပြဲ၊ စစ္လႊဲ လမ္းလႊဲတိုက္ခိုက္ျခင္း"
"diversions","စစ္လႊဲမ်ား၊လမ္းလႊဲမ်ား"
"divisional column st","တပ္မေထာက္ပို႕တပ္ရင္း"
"division administrative area","တပ္မ အုပ္ခ်ဳပ္မႈတပ္မ်ားေနရာ"
"divisional administrative lay-out","တပ္မ အုပ္ခ်ဳပ္မႈတပ္မ်ားျဖန္႔ထားပံု"
"dog fight","ေထြးလံုးတိုက္ခိုက္ျခင္း"
"donestic instuctions","တပ္တြင္း ညႊန္းၾကားခ်က္မ်ား"
"dominate","စိုးမိုးျခင္း"
"double action(Piston)","ေမာင္းတင္ ပစ္ေသနတ္"
"draft","မူၾကမ္း"
"draftsman(Mechanical)","ပံုဆြဲ(စက္)"
"drill, parate","စစ္ေရးျပ"
"driver","ယာဥ္ေမာင္း"
"driver mechanical","ယာဥ္ေမာင္းစက္ျပင္"
"drop test(Amn), drop test(Parachute)","ေျမသို႔ခ်၍ စမ္းသပ္ျခင္း"
"dropping zone","ေလေၾကာင္းခ်ကြင္း"
"duj out","ေျမခိုက်င္း"
"dummy","အေရာင္ေဆာင္ ပံုတု"
"dummy position","ေနရာတု"
"dummy round","က်ည္တု"
"dump","ပစၥည္းပံု"
"dumking programme","ၥပစၥည္းစုပံုရန္ အစီအစဥ္၊အခ်ိန္ဇယား"
"duplicate","မိတၱဴႏွစ္ေစာင္"
"duplicate copy","ဒုတိယမိတၱဴ"
"dusk","ဆည္းဆာ"
"duty officer","တာဝန္က်အရာရွိ"
"duty roster","တာဝန္က်ဇယား"
"á®duty sergeand","တာဝန္က် တပ္ၾကပ္ႀကီး"
"E","Echo"
"earned leave","ခံစားထိုက္ေသာ ခြင့္"
"earnest money","စေပၚေငြ"
"echelon","အဆင့္ဆင့္၊ တပ္ဖြဲ႔အဆင့္၊လုပ္ငန္းအဆင့္၊ယာဥ္စု"
"echelon formation","အဖြဲ႔လိုက္ တပ္ျဖန္႔မႈ"
"economic warfare","စီးပြားေရး စစ္ဆင္ျခင္း"
"economy","ေျခြတာေရး"
"economy of force","အင္အားစု ျခိဳးၿခံျခင္း"
"effective deaten zone","ထိေရာက္ေသာ က်ဥ္က်ေျမ၊ က်ဥ္ခေျမ"
"effective range","ထိေရာက္မႈ အကြာအေဝး"
"electrical","လ်ွပ္စစ္၊လ်ွပ္စစ္ႏွင့္ဆိုင္ေသာ"
"electrical engineer","လ်ွပ္စစ္အင္ဂ်င္နီယာ"
"electrical and mechanial engineer","လ်ွပ္စစ္ႏွင့္စက္မႈအင္ဂ်င္နီယာ"
"electrician","လ်ွပ္စစ္ျပင္"
"electrician (Armoured Fighting Vehicle)","လ်ွပ္စစ္ျပင္(တိုက္ယာဥ္)"
"electrician (Vehicle and Plant)","လ်ွပ္စစ္ျပင္(ယာဥ္ႏွင့္စက္)"
"elecyronics","အီလက္ထေရာနစ္"
"elements of War","စစ္၏မူလအခ်က္(အပိုင္း)မ်ား"
"elevation","အျမင့္၊ေထာင့္ျမင့္"
"embarkation","သေဘၤာတက္ျခင္း"
"embody","တမ္းျပည့္စစ္မႈထမ္းေခၚယူျခင္း"
"emergency Commission","အေရးေပၚ ျပန္တမ္းဝင္"
"encircle","ဝိုင္းထားျခင္း၊ အဝိုင္းခံရျခင္း"
"enclosure(Attached Papers)","ပူးတြဲပါ"
"encode","ဝွက္ျခင္း"
"encounter battle","ရင္ဆိုင္တိုက္ပြဲ"
"ending signs","အဆံုးသတ္ လကၡဏာ"
"endorsement","ေထာက္ခံခ်က္"
"enemy","ရန္သူ"
"energetic","အားတက္သေရာ၊အားႀကိဳးမာန္တက္၊ထၾကြလံုးလဝီရိယ"
"enfilade Fire","ေဘးတိုက္ပစ္"
"engage(The Enemy)","ရန္သူႏွင့္စတင္တိုက္ခိုက္ျခင္း"
"enhancement of contract rate","သေဘာတူညီမႈႏွုန္းတိုးျမင့္ျခင္း"
"enlistment","စစ္ထဲဝင္ျခင္း"
"enplacements","အေျမာက္ခံု/အထိုင္မ်ား"
"enplane","ေလယာဥ္ေပၚတက္ျခင္း"
"entrench","က်င္းတူး၍ေနရာယူျခင္း"
"envelope(To Envelope)","ပတ္တိုက္ျခင္း၊ပတ္တက္ျခင္း"
"envelopment","နဂါးပတ္တက္စစ္"
"envelopment, double","ေဘးနံႏွစ္ဘက္မွပတ္တက္ျခင္း၊ပတ္တိုက္ျခင္း"
"equipment","ပစၥည္း(အေျမာက္၊လက္နက္၊ယာဥ္၊စက္ကိရိယာစသည့္အားလံုးခ်ံဳ၍ေခၚျခင္း)"
"escort(To)","အေစာင့္လိုက္ျခင္း"
"esprit de corps","တပ္ဖြဲ႔စိတ္"
"establish","တည္္ေထာင္ျခင္း၊ဖြဲ႔စည္းျခင္း"
"establishments","အဖြဲ႔အစည္းမ်ား၊အေဆာက္အအံု"
"estimate","မွန္းေျခ"
"estimate requirements","လိုအပ္ခ်က္မွန္းေျခ"
"evacuation","ေနာက္ပိုင္းသို႔ပို႕ေဆာင္ျခင္း"
"evacuation of casualty","လူနာေရႊ႕ထုတ္ျခင္း"
"evacuation of information","သတင္းအကဲျဖတ္ျခင္း"
"even number","စာအမွတ္တူ"
"evidence","ထြက္ခ်က္၊သက္ေသခံခ်က္"
"evidence(Abstract of)","သက္ေသခံခ်က္အတို"
"evidence(Admissible)","ဥပေဒအရလက္ခံႏုိင္ေသာ ထြက္ခ်က္"
"evidence (Direct)","တိုက္ရုိက္သက္ေသခံခ်က္မ်ား"
"evidence (Inadmiaaible)","ဥပေဒအရလက္မခံႏုိင္ေသာ ထြက္ခ်က္"
"evidence(Law of)","သက္ေသခံျခင္း၊ဥပေဒ"
"evidence(Uncollaborated)","ေထာက္ထားမရွိေသာထြက္ခ်က္"
"examination","စစ္ေဆးျခင္း၊စာေမးပြဲ"
"examination eoart","စာစစ္အဖြဲ႔"
"examination centre","စာစစ္ဌာန"
"excess baggage","ဝန္ပို"
"exchange boucher","လဲလွယ္ခြင့္ေဘာင္ခ်ာ"
"excursion","ပညာရွာခရီးထြက္ျခင္း"
"exercise","ေလ႔က်င့္ခန္း"
"exhibit","သက္ေသခံတင္ျပခ်က္၊သက္ေသခံပစၥည္း၊သက္ေသခံစာ"
"expedite","အျမန္ေဆာင္ရြက္ေစျခင္း"
"expedition, expeditionary force","ႏုိင္ငံျခားခ်ီတပ္မ်ား(ဥပမာ-အာဖရိကခ်ီ မဟာမိတ္တပ္ေပါင္းစု)"
"expenditure","အသံုးစရိတ္"
"experiment","စမ္းသပ္ခ်က္"
"explanation","ရွင္းလင္းခ်က္၊ထုေခ်ခ်က္"
"exploitation","ေအာင္ေျမခ်ဲ႕ျခင္း၊အျမတ္ထုတ္ျခင္း"
"exploiting forces","အျမတ္ထုတ္တိုက္ခိုက္ေသာတပ္မ်ား၊ေအာင္ေျမခ်ဲ႕ေသာတပ္မ်ား"
"explosion","ေပါက္ကြဲျခင္း"
"explosives","ယမ္းဘီလူး"
"export","ထြက္ကုန္၊ျပည္ပပို႔ကုန္"
"extracts","ေကာက္ႏုတ္ခ်က္"
"extent(A Manoeuvre)","တပ္ဆန္႔ျခင္း"
"extended line","ရင္ေပါင္းတန္း တပ္ျဖန္႔ခြဲျခင္း"
"exterior line(Attack)","အျပင္စစ္ေၾကာင္း"
"exterior line (Def)","အျပင္ခံစစ္ေၾကာင္း"
"extra regiemntal embloyemnt","တပ္ရင္းျပင္ပတာဝန္ထမ္းေဆာင္သူ"
"F","Foxtrot"
"fair copy","စာမူေခ်ာ"
"fall out(Atomic)","အႏုျမဴျပာမိုး"
"family pension","အိမ္ေထာင္စုဝင္မ်ားအၿငိမ္းစာလစာ"
"amily tree","မ်ိဳးရိုးစဥ္ဆက္ေဖာ္ျပဇယား"
"fatigue","လူမႈဝန္ထမ္း"
"f echelon","တိုက္ယာဥ္စု"
"feint attack","ေယာင္ျပတိုက္ပြဲ"
"feints(Operation)","ေယာင္ျပစစ္ဆင္မႈမ်ား"
"field","စစ္ေျမျပင္"
"field army","စစ္ေျမျပင္တပ္ေတာ္၊ တပ္ေတာ္"
"FDS/field hospital","စစ္ေျမျပင္ေဆးရံု"
"fieldcraft","စစ္ေျမျပင္ကၽြမ္းက်င္မႈမ်ား"
"field fortications","စစ္ေျမျပင္ခံတပ္မ်ား"
"field medical card","စစ္ေျမျပင္ေဆးကုမွတ္တမ္း"
"field of fire","ပစ္ကြင္း"
"field officer(Duty)","တာဝန္မႈး"
"field rank","ဗိုလ္မႈးႏွင့္ အထက္အရာရွိ"
"field service regulation(Pamphlet)","စစ္ေျမျပင္လက္စြဲက်မ္း"
"field transfusion team","စစ္ေျမျပင္ေသြးျဖည့္တင္းေရးအဖြဲ႕"
"fighter aircaft","တိုက္ေလယာဥ္"
"fighter group","တိုက္ေလယာဥ္ တပ္မ"
"fighting arms","လက္ရံုး တပ္ဖြဲ႕မ်ား"
"file","ဖိုင္တြဲ"
"final settlement","ေနာက္ဆံုးေငြစာရင္းရွင္းတမ္း"
"financial limit","ဘ႑ာေရး အကန္႕အသတ္"
"financial regulation","ဘ႑ာေရး စည္းမ်ဥ္း"
"finding","ေတြ႔ရွိခ်က္၊ ေကာက္ခ်က္"
"finding(Special)","အထူးေတြ႔ရွိခ်က္၊ ေကာက္ခ်က္"
"fire","ပစ္ခတ္မႈ"
"Fire control","ပစ္ခတ္မႈ ထိန္းသိမ္းျခင္း၊ ပစ္အားထိမ္းသိမ္းျခင္း"
"Fire control equipment","ပစ္ခတ္မႈ ကိရိယာ(အေျမာက္)"
"fire control order","ပစ္ခတ္မႈထိန္းသိမ္းျခင္းအမိန္႕၊ပစ္ခတ္ရန္အမိန္႕၊ပစ္မိန္႕"
"fire lane","ပစ္လမ္း"
"fire plan","ပစ္ခတ္မႈ စီမံခ်က္"
"fire power","ပစ္အား"
"fire superiority","ပစ္အားအေရးသာျခင္း"
"fire support","ပစ္ကူ"
"firing data","ပစ္ခတ္ရန္ အခ်က္အလက္"
"firm base","အခိုင္အမာ အေျချပဳစခန္း"
"first light","လင္းစ၊ အလင္းေရာင္ေပၚစ"
"first line ammunition","ပထမအဆင့္ ခဲယမ္းမီးေက်ာက္"
"first line stores","ပထမအဆင့္ ပစၥည္း(ဥပမာ-သံဆူးႀကိဳးစသည့္)"
"first line task(e.g.EME)","ပထမအဆင့္ လုပ္ငန္း(ဥပမာ-လွ်ပ္စစ္စသည့္)"
"first line transport","ပထမအဆင့္ ပို႕ေဆာင္ေရးအုပ္စု(ဥပမာ-ယာဥ္၊လား စသည့္)"
"fitter","စက္ျပင္"
"fitter(General Service)","စက္ျပင္(အေထြေထြ)"
"fixed","ပံုေသ"
"fixed line fire","ပံုေသ ခ်ိန္ထားျခင္း၊ ပံုေသပစ္ေၾကာင္း"
"á¤flag march","အလံျပ စစ္ခ်ီျခင္း၊ စစ္ခ်ီျခင္း"
"flame thrower","နဂါးစက္၊မီးေသနတ္"
"flank","စစ္နံ၊ ေဘးနံ၊ ေတာင္ပံ"
"flank guard","ေဘးရံတပ္"
"flare","မီးက်ည္"
"flash(Artillery)","မီးလွ်ပ္"
"flat trajectory","က်ည္လမ္းေျဖာင့္ေသာ"
"flexible","ေျပာင္းလြယ္ျပင္လြယ္ေသာ၊လြယ္ကူစြာ၊ေျပာင္းႏုိင္ေသာ၊မူရွင္ျဖစ္ေသာ"
"flick frequency","လိႈင္းႏႈန္းေသ"
"flick character(of Operation)","မသဲကြဲေသးေသာ/အဆံုးအျဖတ္ မေပးႏိုင္ေသးေသာ အေျခအေန(တိုက္ပြဲ၏)"
"follow-up","ဆက္လိုက္ၿခင္း"
"follow-up forces(Troops)","ဆက္လိုက္ တပ္မ်ား"
"foot path","လမ္းငယ္"
"for action","အေရးယူရန္"
"for compliance","လိုက္နာေဆာင္ရြက္ရန္"
"for disposal","သင့္ေတာ္သလိုေဆာင္ရြက္ရန္"
"for information","သိရွိရန္"
"forecast","မွန္းဆခ်က္၊ ခန္႕မွန္းခ်က္"
"forecast of strength","အင္အားႀကိဳတင္ခန္႕မွန္းခ်က္"
"forces","အင္အားစုမ်ား"
"force commander","တပ္ဖြဲ႔မ်ား"
"foreced marches","အျပင္းခ်ီတက္မႈမ်ား"
"foreground","အနီးျမင္ကြင္း"
"formal/ official letter","ရံုးစာ"
"formal sanction","နည္းလမ္းတက်ခြင့္ျပဳအမိန္႕"
"formation(Battle Formation)","တပ္ျဖန္႕ခြဲမႈ၊တပ္ျဖန္႔မႈ"
"formation of line","အတန္းလိုက္ တပ္ျဖန္႕ခြဲမႈ/တပ္ျဖန္႔မႈ"
"forming up place(FUP)","စီရပ္"
"fortifications","ခံတပ္မ်ား"
"fortified areas","ခံတပ္ေဆာက္လုပ္ထားေသာ ေဒသ"
"fortnightly operation casualties","(၇)ရက္ (၂)ပတ္ တိုက္ပြဲျဖစ္စဥ္ ျပန္တမ္း"
"forwarded  area","ေရွ႕တန္း(ေနရာ)"
"frward defened locality(FDL)(Line of Outposts)","ေရွ႕ခံစစ္စည္း(ခံစစ္)"
"forward link","ေရွ႕စံုတြဲ"
"forward maintentenance","ေရွ႕တန္းေထာက္ပံ့ေရးနယ္"
"forward observation officer(F.O.O)","ေရွ႕တန္းအကဲၾကည့္အရာရွိ"
"forward sector, battle front","ေရွ႕တန္းစစ္မ်က္ႏွာ"
"forward slope","ေရွ႕ဆင္ေျခေလ်ာ"
"forwarded","ဆက္လက္ေပးပို႕သည္"
"forwarded herewith","ႏွင့္အတူ ေပးပို႕သည္"
"fox hole","တစ္ေယာက္ ပစ္က်င္း"
"fragmentation","အစိပ္စိပ္ အမႊာမႊာ ေပါက္ကြဲျခင္း"
"frame work","ေဘာင္ေခြျပ ပံုစံ၊ ေဘာင္ေခြျပ ပံုၾကမ္း"
"frame work of defence","ခံစစ္၊ ေဘာင္ေခြ"
"free on sea passage","ပင္လယ္ခရီးသြားႏိုင္ရန္ အခြင့္အေရး"
"freight charges","သယ္ယူစရိတ္"
"frequency(Waves)","လႈိင္းႏႈန္း"
"from","မွ"
"front","စစ္မ်က္ႏွာ"
"frontage","မ်က္ႏွာစာ"
"front attack","ေရွ႕မွ တိုက္ျခင္း၊တူရူျခင္း"
"fuze(Demolition)","ျဖဴးႀကိဳး"
"G","Golf"
"G Plan","စစ္ဦးစီး စီမံခ်က္"
"gallantry","သူရသတၱိ"
"gap","ၾကားကြက္လပ္၊ ကြာဟခ်က္"
"garrison","တပ္မနယ္၊အေစာင့္တပ္စြဲျခင္း"
"garrison adjutant","တပ္နယ္ တပ္ေရး"
"garrison duty","ၿမိဳ႕ေစာင့္ တာ၀န္"
"garrison enginneer","ၿမိဳ႕ေစာင့္ အင္ဂ်င္နီယာတပ္"
"garrison theatre","တပ္နယ္ ဇာတ္ရံု"
"gas","ဓါတ္ေငြ႕"
"gas turbine","ထိန္းလွည့္စက္"
"gasmask","ဓါတ္ေငြ႕ကာ မ်က္ႏွာဖံုး"
"gate pass","၀င္/ထြက္ လက္မွတ္"
"gauge","အကဲၿဖတ္ခန္႔မွန္းသည္။"
"general duty","အေထြေထြ တာ၀န္"
"general headquarter","စစ္ေသနာပတိခ်ဳပ္"
"generally","ေယဘုယ်အားျဖင့္"
"general objective","အၾကမ္းဖ်င္း ရည္မွန္းခ်က္"
"general outline","အၾကမ္းဖ်င္း ေဖာ္ျပခ်က္"
"general outline plan","စီမံခ်က္ အၾကမ္း"
"general reserve","အေထြေထြ အရံတပ္၊ဗဟိုအရံတပ္"
"general staff(Corps)","စစ္ဦးစီး အဖြဲ႕"
"general staff reserve stock","စစ္ဦးစီး အရံစာရင္း၊စစ္ဦးစီး အရံပစၥည္း အေထြေထြ"
"general support(Artillery)","အေထြေထြ ကူညီျခင္း"
"glades","သစ္ေတာအတြင္း ကြက္လပ္ေနရာမ်ား"
"glider","ေလဟုန္စီးယာဥ္"
"glow worm","မီးစုန္း"
"GOC, G inC, commanding general","တပ္မႈးႀကီး၊ တပ္မႈး၊ဗိုလ္ခ်ဳပ္"
"gradient","ေလွ်ာေစာက္"
"graduations","အမွတ္ပိုင္းမ်ား"
"grand stratege","အထူးမဟာဗ်ဴဟာ"
"grand tactics","အထူးနည္းဗ်ဴဟာ"
"graticule","မွတ္မ်ဥ္မ်ား"
"grave(military)","စစ္သုသာန္၊အုတ္ဂူ"
"grid","ဂရစ္မ်ဥ္း/ လိုင္း"
"grid coordinate","ဂရစ္ညႊန္း"
"grid north","ဂရစ္ေျမာက္"
"grid  procedure","ဂရစ္ညႊန္း ပစ္နည္း"
"ground balance","လက္က်န္"
"ground clearance","ေထာက္၊ ေျမကြာအျမင့္"
"group testing officer(GTO)","အစုလိုက္ စစ္ေဆးျခင္းအရာရွိ"
"grouping","စုဖြဲ႕ပံု၊ စုဖြဲ႕ျခင္း၊ အစုပစ္"
"groups","အစုအဖြဲ႔မ်ား၊ အစုအေဝးမ်ား"
"guard of honour","ဂုဏ္ျပဳတပ္ဖြဲ႕၊ ကိုယ္ရံေတာ္တပ္"
"guard room","ကင္းရံု"
"guided missiles","ဒံုးယာဥ္မ်ား"
"guilty","အျပစ္ ရွိသည္"
"guilty(NOT)","အျပစ္ မရွိပါ"
"guilty(plea of)","အျပစ္ ရွိပါသည္ဟု ထြက္ဆိုခ်က္"
"guilty(plea of NOT)","အျပစ္ မရွိပါဟု ထြက္ဆိုခ်က္"
"gun(artillery)","အေျမာက္"
"gun cotton","ဂ်ီစီ ယမ္းဘီးလူး"
"gun powder","ယမ္းမႈန္႕"
"H","Hotel"
"H hour","န နာရီ"
"half cock","ေမာင္းတစ္ဝက္တင္"
"hammerless weapom","ေမာင္းမဲ့လက္နက္"
"hand set(telephone)","လက္ကိုင္ပိုင္း(တယ္လီဖုန့္း)"
"hang fire","မီးကူးခ်ိန္ ေနွးျခင္း"
"hang fire test","မီးကူးခ်ိန္ႏႈန္း စစ္ေဆးျခင္း"
"harassing fire","ေႏွာင့္ယွက္ ပစ္ခတ္မႈ"
"harbouring area(tank)","တင့္ကားစု နားရပ္"
"hardware","အမာထည္၊ အမာအပိုင္း"
"hasty defence","ရုတ္ခ်ည္း ခံစစ္"
"haversack","ေဘးလြယ္အိတ္"
"head(accounts)","ေခါင္းစဥ္မ်ား(ေငြစာရင္း)"
"headquarters(general)","ဌာနခ်ဳပ္"
"health","က်န္းမာေရး"
"heavy artuillery","အႀကီးစား အေျမာက္"
"hedgehog defence","ျဖဴးဆူး ခံစစ္"
"hedgehog (obstacles)","သံဆူးလံုး"
"hedgehog position","ျဖဴးဆူး ခံစစ္ေနရာ"
"heights","ကုန္းျမင့္မ်ား၊အျမင့္ေနရာ"
"helicopter","ရဟတ္ယာဥ္"
"high explosive","ယမ္းျပင္း"
"high muzzle velocity(HMV)","က်ဥ္ထြက္အရွိန္ ႀကီးျခင္း"
"high traectory","က်ဥ္သြားလမ္းအျမင့္"
"high authority","အထက္အာဏာပိုင္"
"higher formation","အထက္တပ္ဖြဲ႕"
"hit and run tactics","ပစ္ေျပး တိုက္ခိုက္နည္း"
"holding","လက္ရွိ"
"holding attack","ထိန္း၍ တိုက္ျခင္း"
"holding force","ထိန္းတိုက္တပ္"
"hollow charge","ေခါင္းပြက်ဥ္၊ ယမ္းဘီးလူး"
"honorarium","ခ်ီျမွင့္ေငြ"
"honours and awarts","ဂုဏ္ထူးႏွင့္ ဆုမ်ား"
"housewife","အပ္ခ်ဳပ္အိတ္"
"howitzer","ေဟာင္ဝစ္ဇာ အေျမာက္"
"hull down","ကိုယ္ျမွဳပ္"
"hull down position(IK)","ကိုယ္ျမွဳပ္ အေနအထား"
"I","India"
"identification marks","ကိုယ္ပါ ထင္ရွားေသာ အမွတ္အသားမ်ား"
"illegal sentence","ဥပေဒႏွင့္ဆန္႕က်င္ေသာ စီရင္ခ်က္"
"illumination(bomb)","မီးက်ဥ္(ဗံုး)"
"immediate","အျမန္ခ်က္ခ်င္း"
"immunity","ေရာဂါဒဏ္ခံႏိုင္ရည္ရွိျခင္း"
"impact area","က်ည္က်ေျမ"
"impede","ဟန္႕တားျခင္း"
"impepus","အဟုန္"
"impetus of attack","တိုက္ခိုက္မႈအဟုန္၊ တိုက္စစ္အဟုန္"
"import","သြင္းကုန္"
"important","အေရးႀကီးေသာ"
"imported supplies","ျပည္ပသြင္းရိကၡာ"
"imprest","တပ္ေဆာင္ေငြ"
"imprisonment","ေထာင္ဒဏ္"
"imprisonment rigorous","အလုပ္ၾကမ္းႏွင့္ေထာင္ဒဏ္"
"imprisonment (simple)","အလုပ္ႏွင့္ေထာင္ဒဏ္"
"impulses","အလ်င္မ်ား"
"incendiary","ေလာင္က်ည္၊ေလာင္ဗံုး"
"increment of pay","ႏွစ္တိုးလစာ"
"increment pay for length of service","အထူးအမႈထမ္းသက္ေၾကး"
"incremental charge","အားျမွင့္ယမ္း"
"indent form","ပစၥည္းေတာင္းပံုစံ"
"independent forces","သီးျခားတပ္ဖြဲ႕မ်ား"
"indeh","ညႊန္းမာတိကာ"
"indigenous supplies","ျပည္တြင္းထြက္ရိကၡာ"
"indirect fire","သြယ္ဝိုက္ပစ္ခတ္မႈ"
"indoctrination","ဝါဒသိမ္းသြင္းျခင္း"
"infantry","ၾကည္းတပ္၊ ေျခလ်င္တပ္"
"infiltration","စိမ့္ဝင္ျခင္း"
"inform","သတင္းေပးျခင္း၊ အေၾကာင္းၾကားျခင္း"
"informal","ရုံးမဆန္ေသာ"
"informal letter","ရုံးအာဏာမဲ့စာ"
"information","သတင္း"
"information room","သတင္းခန္း"
"influencing(apprectation)","ဖန္တီးေပးျခင္း"
"infra red rays","အနီေအာက္ေရာင္ျခည္"
"inherent","နဂိုပါ၊ ဝမ္းတြင္းပါ"
"initial fire order","ေရွးဦးပစ္ခတ္မႈအမိန္႕"
"initial issue","ေရွးဦးထုတ္ေပးျခင္း"
"initial operation","ေရွးဦးစစ္ဆင္မႈ"
"initial order","ေရွးဦးအမိန္႕"
"initial transmission","စတင္အသံလႊင္ခ်က္"
" initiate","အစပ်ိဳးသည္"
"initiative","အေျခအေနဖန္တီးႏုိင္ျခင္း"
"inland water transport","ျပည္တြင္းေရေၾကာင္းပို႕ေဆာင္ေရး"
"inoperative sentence","မတည္တံ့ႏုိင္ေသာ စီရင္ခ်က္"
"in position(appointment)","တာဝန္လႊဲယူၿပီးျခင္း"
"in position(tactical)","တပ္စြဲၿပီးျခင္း"
"insert","ျဖည့္စြက္ျခင္း"
"inspection","ၾကည့္ရႈစစ္ေဆးျခင္း"
"installation","အေဆာက္အအံု"
"instruction","ညႊန္ၾကားလႊာ၊ ညႊန္ၾကားခ်က္"
"instructor","နည္းျပဆရာ"
"instrument(EME)","စက္ကိရိယာ"
"insubordination","အာဏာဖီဆန္ျခင္း"
"intelligence report","ေထာက္လွန္းေရး အစီရင္ခံစာ"
"intercept","ၾကားျဖတ္"
"intercept information","ၾကားျဖတ္သတင္းယူျခင္း"
"intercommunication","အခ်င္းခ်င္းဆက္သြယ္ျခင္း"
"interdiction bombing","ပိုင္းျဖတ္ဗံုးႀကဲျခင္း"
"interdiction(fire)","ပိုင္းျဖတ္ပစ္ခတ္ျခင္း"
"interim(period)","ၾကားျဖတ္ကာလ"
"intermediate position","ၾကားခံစစ္ေနရာ"
"interpreter","စကားျပန္"
"intersection(artillery)","ျဖတ္မ်ဥ္းတိုင္းနည္း"
"interview","ေတြဆံုေမးျမန္းျခင္း"
"in teansit","ေရႊ႕ေျပာင္းဆဲ၊ မွတဆင့္"
"invalid pension","နားမစြမ္းအၿငိမ္းစားလစာ"
"inverse proportion","အခ်ိဳးၾကဆန္႕က်င္သည္"
"investigation","စံုစမ္းစစ္ေဆးျခင္း"
"invoice","ကုန္ပို႕စာရင္း"
"islands of resistance","ဘာသာအစုအလိုက္ခုခံေနရာမ်ား၊ခံစစ္ကၽြန္းကေလးမ်ား"
"irregular warfare","သာမန္မဟုတ္ေသာစစ္ဆင္ေရး"
"isolating the battle field","စစ္တလင္းအား ထီးထီးျဖစ္ေစျခင္း"
"isolation","ည္းျဖစ္ျခင္း၊သီးျခား"
"issue control registration sheet","ထုတ္ေပးႀကီးၾကပ္ေရးႏွင့္မွတ္ပံုတင္လႊာ"
"item","အမ်ိဳးအမည္၊အမယ္"
"J","Juliet"
"jamming(Ammunition)","က်ည္ညပ္ျခင္း"
"jamming(Engineer)","စက္ကပ္ျခင္း"
"jamming(Signal)","ေႏွာက္ယွက္အသံလႊင့္ျခင္း"
"job analysis","လုပ္ငန္းရပ္ စီစစ္ျခင္း"
"joining instruction","ေက်ာင္းဝင္ညႊန္ၾကားခ်က္မ်ား"
"judicial matters","တရားစီရင္မႈ ကိစၥမ်ား"
"jurisdiction","စီရင္ပိုင္ခြင့္အာဏာ"
"K","Kilo"
"key(Cipher)","ေသာ့ခ်က္(ဝွက္စာ)"
"killed in action","တိုက္ပြဲတြင္က်ဆံုးျခင္း"
"kit(soldier)","စစ္သည္သံုးပစၥည္း"
"kneling position","ဒူးေထာက္အေနအထား"
"knife rest","ၾကက္ေျခခတ္ လမ္းဆို႕အရွင္"
"knot","ေရေၾကာင္းမိုင္"
"L","Lima"
"labour","လုပ္အား၊လုပ္သား"
"á°lance rank(e.g.lance corporal)","ဒုတိယ ရာထူး(ဥပမာ-ဒုတပ္ၾကပ္)"
"land mark","ေျမေနရာအမွတ္အသား"
"land mine","ေျမျမွပ္မိုင္း"
"land warfare","ၾကည္းေၾကာင္းစစ္ပြဲ"
"landed cost","ဆိပ္ကမ္းေရာက္ တန္ဖိုး"
"landing craft","ကမ္းတက္ေရယာဥ္မ်ား"
"landing field","ေလယာဥ္ဆင္းကြင္း"
"landing officer","ကမ္းေျခတပ္အရာရွိ"
"landing ships","ကမ္းတက္သေဘၤာမ်ား"
"lanes","လမ္းၾကားမ်ား"
"lanyard","ဓါး သိုင္းႀကိဳး၊ေသနတ္ ထိန္းႀကိဳး"
"last light","ေမွာင္စ"
"last warning","ေနာက္ဆံုးသတိေပးျခင္း"
"lateral communication","ေဘးတိုက္တပ္ခ်င္း ဆက္သြယ္ေရး"
"lateral road","ကန္႔လန္႔ ျဖတ္လမ္း"
"launch","ေမာ္ေတာ္ေလွ"
"launcher","ေလာင္ခ်ာ"
"law","တရားဥပေဒ"
"law, civil","နယ္ဘက္ဆိုင္ရာ တရားဥပေဒ"
"law, military","စစ္ဘက္ဆိုင္ရာ တရားဥပေဒ"
"lay out","အေနအထား၊ အခင္းအက်င္း"
"leaflet","စာတမ္း"
"leaguer","နားရပ္"
"leap frog(physical training)","ဖားခုန္နည္း"
"leap frog(tactical)","ဖားခုန္စနစ္ျဖင့္ခ်ီတက္ျခင္း"
"leave, casual","ေရွာင္တခင္ခြင့္"
"leave, ordinary","သာမန္ခြင့္"
"leave pay and allowance","ခြင့္လစာႏွင့္ စရိတ္"
"á°leave sanctioning authority","ခြင့္ေပးအာဏာပိုင္"
"á°leave pending retirement","အၿငိမ္းစားထြက္ခြင့္"
"leave, special","အထူးခြင့္"
"leave, study","စာသင္ခြင့္"
"leave,without pay","လစာမဲ့ခြင့္"
"left out of battle(LOB)","တိုက္ပြဲတြင္ မပါဝင္ေသာသူမ်ား/အသံုးမျပဳေသာပစၥည္းမ်ား"
"legal matters","ဥပေဒဆိုင္ရာကိစၥမ်ား"
"legend","အညႊန္း"
"lesson notes","သင္ခန္းစာမွတ္စု"
"level of command","ကြပ္ကဲမႈအဆင့္"
"liaison officer","ဆက္ဆံေရးအရာရွိ"
"library","စာၾကည့္တိုက္"
"lifted","ေျပာင္းပစ္ၿပီး"
"light anti-aircraft(LAA)","အေသးစား ေလယာဥ္ပစ္ အေျမာက္"
"light artillery","အေသးစားအေျမာက္"
"light gun tank","အေျမာက္အငယ္စား တင့္ကား"
"limber","က်ည္တြဲ"
"limit of exploitation","အျမတ္ထုတ္မ်ဥ္း၊ ကန္႕သတ္မ်ဥ္း၊ တိုးခ်ဲ႕ကန္႕သတ္မ်ဥ္း"
"limit of forward recovery","ေရွ႕တန္း ပစၥည္းေကာက္ ကန္႕သတ္ခ်က္"
"limited objective","ကန္႔သတ္ရည္မွန္းခ်က္"
"line of advance","ခ်ီတက္ရာလမ္းေၾကာင္း"
"line of bearing","သံလိုက္အိမ္ေျမာင္ ညႊန္ျပမ်ဥ္း"
"line of communication(L of C)","ဆက္သြယ္ေရး လမ္းေၾကာင္း"
"line of deparation( start line)","စမ်ဥ္း"
"line of fire","ပစ္ေၾကာင္း"
"line of operation","စစ္ေၾကာင္း၊ စစ္ဆင္မႈလမ္းေၾကာင္း"
"liner target","မ်ဥ္းပံု ပစ္မွတ္"
"lines along route(lines to be reached in advance)","ခရီးကန္႔ မ်ဥ္းမ်ား၊ တက္စစ္ ညွိမ်ဥ္းမ်ား"
"link-up","တပ္ခ်င္း ဆက္ျခင္း"
"liquid explosive","ယမ္းဘီလူး အရည္"
"listening post","အသံကင္း"
"literacy","အေရးအဖတ္ တတ္ေျမာက္မႈ"
"local","ေဒသႏ ၱရ၊ဌာေန"
"local air superiority","ေဒသႏ ၱေလေၾကာင္း အေရးသာျခင္း"
"local purchase","ေဒသႏ ၱရ/ ဌာေနဆိုင္ရာ ဝယ္ယူျခင္း၊ ျပည္တြင္း ဝယ္ယူျခင္း"
"local rank","ေဒသႏ ၱရ/ ဌာေနအဆင့္"
"locality","ေဒသ"
"locating batter(artillery)","ရွာေဖြေရး တပ္ခြဲ"
"location","တည္ေနရာ"
"lodgment area","တပ္အင္အား သိုေလွာင္ေသာ နယ္ေျမ"
"log","စာတို"
"logistics","ေထာက္ပံ့ပို႕ေဆာင္ေရး"
"long term policy","ေရရွည္ စီမံကိန္း၊ ႏွစ္ရွည္ စီမံကိန္း"
"low explosive","ယမ္းညွင္း"
"M","Mike"
"machine shop","တြင္ရံု၊ စက္ပစၥည္း ျပဳျပင္ထုတ္လုပ္ေရး စက္ရံု"
"machinist","စက္ကိုင္"
"main","ပင္မ၊အဓိက"
"main body, force","ပင္မတပ္"
"main guard(main body of the advance guard)","ေရွ႕ရံတပ္၏ ပင္မတပ္"
"main headquarters","ပင္မဌာနခ်ဳပ္"
"main line of resistance(main defence position)","အဓိကခံစစ္ေၾကာင္း"
"main point of tmpact","က်ဥ္စု ဗဟို"
"main position","ပင္မေနရာ"
"maintenance of direction","အရပ္မ်က္ႏွာ ထိန္းသိမ္းျခင္း"
"maintenance of momentum","အဟုန္ ထိန္းသိမ္းျခင္း"
"maintenance of situation","ထိန္းသိမ္းေရး"
"maintenance (repair)","ၾကံ႕ခိုင္ေရး"
"maintenance (supplies)","ေထာက္ပံ့ေရး"
"major head","ေခါင္းစဥ္ႀကီး"
"malingering","ေရာဂါရွိဟန္ေဆာင္ျခင္း"
"man-handling","လူႏွင့္ သယ္ယူျခင္း"
"manoeuvre","စစ္ကစားျခင္း"
"manoeuvre (exercise)","စစ္ကစားမႈ ေလ့က်င့္ျခင္း"
"manoueuverability","ေပါ့ပါးျခင္း၊ စစ္ကစားႏိုင္ျခင္း"
"map","ေျမပံု"
"map reading","ေျမပံု ဖတ္နည္း"
"map Raference(MR)","ေျမပံုညႊန္း"
"march","စစ္ခ်ီျခင္း၊ ခ်ီတက္ျခင္း"
"marine","ကမ္းတပ္ ေရတပ္သား"
"marine corps","ေရတပ္၏ ၾကည္းတပ္"
"mark","အမွတ္စာရင္း၊ အမွတ္အသား"
"marshalling area","စီမံခန္႔ခြဲမႈ ေနရာ"
"martial law","စစ္အုပ္ခ်ဳပ္ေရး ဥပေဒ"
"maximum","အမ်ားဆံုး"
"mechanical engineer","စစ္မႈဆိုင္ရာ အင္ဂ်င္နီယာ"
"mechanised force (division)","ယႏ ၱရား တပ္ဖြဲ႕(တပ္မ)"
"mechanist","စက္ဆရာ"
"medical board","ေဆးဘက္ဆိုင္ရာ စစ္ေဆးေရးအဖြဲ႕"
"medically board out  personnel","ေဆးဘက္ဆိုင္ရာ စစ္ေဆးေရးအဖြဲ႕၏ဆံုးျဖတ္ခ်က္အရ ႏႈတ္ထြက္ခြင့္ရရွိသူ"
"medical category","က်န္းမာေရး အဆင့္အတန္း၊ ေဆးအဆင့္"
"medical certificate","ေဆးလက္မွတ္"
"medical resources","ေဆးအဖြဲ႕ပစၥည္းမ်ား"
"medical treatment","ေဆးကုသျခင္း"
"medium artillery","အလတ္စား အေျမာက္"
"meeting","အစည္းအေဝး"
"memorandum","အမွာစာ"
"mentioned in dispatches","သူရဲေကာင္းမွတ္တမ္းတင္ျခင္း"
"mercenary troops","ေၾကးစားတပ္"
"messenge (operation order)","ေၾကးနန္းစာ"
"messenger","ဆက္သား"
"method (operation order)","လုပ္နည္း၊နည္းပေဒသ"
"military administrator","စစ္အဖြဲ႔ ၿမိဳ႕ျပအုပ္ခ်ဳပ္ေရး အရာရွိ"
"military air warrant","စစ္ဘက္ေလယာဥ္စီးဝရမ္း"
"military credit note","စစ္ဘက္ကုန္တင္လႊာ"
"military custody","စစ္ဘက္အခ်ဳပ္ခန္း"
"military detention centre","စစ္အက်ဥ္းေထာင္"
"military offence","စစ္ဘက္ဆိုင္ရာ ျပစ္မႈ"
"mine lanes","မိုင္းရွင္း ျဖတ္လမ္း"
"mine lifting","မိုင္းေဖာ္ျခင္း"
"minor head","ေခါင္းစဥ္ငယ္"
"minor SD (staff duties)","စစ္ဦးစီးတာဝန္"
"minute, record","မွတ္တမ္း"
"minute sheet","မွတ္တမ္းလႊာ"
"miscellaneous","အေထြေထြ"
"miscellaneousQ","စစ္ေထာက္ အေထြေထြ ကိစၥ"
"misfire","က်ည္မထြက္ျခင္း"
"mislead","ဲျဖားေယာင္းျခင္း"
"mission (task)","ရည္မွန္းခ်က္တာဝန္"
"mitigation","ေပါ့ေလ်ာ့ေအာင္ျပဳလုပ္ျခင္း၊ ေပါ့ေလ်ာ့ေစျခင္း"
"mobil","ေရႊ႕ေျပာင္းရလြယ္ကူေသာ"
"mobile crane","ေရႊ႕ေျပာင္းႏိုင္ေသာဝန္ခ်ီစက္"
"mobile fire control(martar)","စိန္ေျပာင္းအကဲၾကည့္"
"mobility","ေရႊ႕ေျပာင္းရလြယ္ကူျခင္း"
"mobilization state","စစ္အေျခသို႔ေျပာင္းရျခင္း"
"model (sand, cloth)","ပံုစံငယ္(သဲ၊အဝတ္)"
"monetary allowance","စရိတ္ေငြ"
"monrtary award","ဆုေငြ"
"mopping up","သုတ္သင္ရွင္းလင္းျခင္း"
"morale reports","စိတ္ဓာတ္အေျခအေနဆိုင္ရာ အစီအရင္ခံစာ"
"mortar fire control","စိန္ေျပာင္းအကဲၾကည့္"
"most immediate","အျမန္ဆံုး"
"motor transtort officer(MTO)","ေမာ္ေတာ္ယာဥ္ပို႕ေဆာင္ေရးအရာရွိ"
"motorised battalions","ယာဥ္တင္ ေျခလ်င္တပ္ရင္းမ်ား"
"movement (plan)","ေရႊ႕ေျပာင္းေရး စီမံခ်က္"
"movement control","သြားလာမႈ ႀကီးၾကပ္ေရး"
"movement by bounds","တစ္ေထာက္ၿပီးတစ္ေထာက္ခ်ီတက္ျခင္း"
"movement  graph","ေရႊ႕ေျပာင္းေရးျပမ်ဥ္း"
"movement light","မီးေမာင္းထိုးေပးျခင္း"
"movement order (M.O.)","သြားလာခြင့္အမိန္႕"
"mustering out","အခ်ိန္မေစ့မီ ထြက္ခြင္ျ့ပဳျခင္း"
"mustering out gratuity","အခ်ိန္မေစ့မီ ထြက္ခြင္ျ့ပဳဆုေငြ"
"mustering out pension","အခ်ိန္မေစ့မီ ထြက္ခြင္ျ့ပဳအၿငိမ္းစားလစာ"
"mutiny","တပ္တြင္းပုန္ကန္မႈ"
"mutual support","အျပန္အလွန္ေထာက္ပံ့မႈ"
"N","November"
"national defence","ႏိုင္ငံေတာ္ ကာကြယ္ေရး"
"national service","ျပည့္သူ႔ စစ္မႈထမ္း"
"navigation party","လမ္းညႊန္အဖြဲ႔"
"napalm","နပမ္း"
"neurologist","အာရံုေၾကာဆိုင္ရာ ဆရာဝန္"
"neutralise","စြမ္းအင္ႏွိမ္ထားျခင္း"
"neutralisation(immediate)","အေရးတႀကီးႏွိမ္ပစ္ျခင္း"
"neutralisation(mines)","ရန္သူ႕မိုင္းမ်ား စြမ္းအင္မထိေရာက္ေစျခင္း"
"next of kin(NOK)","အနီးစပ္ဆံုး ေဆြမ်ိဳး"
"nissen hut","နစ္ဆင္တဲ"
"noisy attack","ဆူညံေသာ တိုက္ခိုက္မႈ"
"nomenclature","ပစၥည္းအမည္"
"nominal roll","အမည္ေဖာ္ လူစာရင္း"
"nomination","အမည္တည္သြင္းျခင္း"
"nomination roll","အမည္စာရင္း"
"non-battle casuaity","တိုက္ပြဲျပင္ပ လူနာ"
"non-combatant","တိုက္ပြဲမဝင္ စစ္မႈထမ္း"
"non-warlike stores","သာမန္သံုးပစၥည္း(စစ္ဘက္)"
"normal holding","သာမန္သိုေလွာင္ထားျခင္း"
"normal stock","သာမန္သိုေလွာင္ထားေသာ ပစၥည္းစာရင္း"
"note","မွတ္စု၊ အတို၊ မွတ္ခ်က္"
"nozzle","ေနာ္ဇယ္"
"O","Oscar"
"oath","က်မ္းက်ိန္သည္"
"objective","ရည္မွန္းခ်က္(ေနရာ)"
"oblique aerial photograph","တေစာင္းရိုက္ေလေၾကာင္းဓါတ္ပံု"
"observation","ၾကည့္ရႈ႕ေလ့လာျခင္း၊ အကဲၾကည့္ျခင္း"
"observation angle(OT)","ရႈမ်ဥ္း"
"observation of locating battalion","ရွာေဖြေရးတပ္ရင္း"
"observation post(infantry)","ၾကည့္ကင္း"
"observe fire","ၾကည့္ပစ္"
"occupy","သိမ္းပိုက္ျခင္း"
"offence","ျပစ္မႈ"
"offence(civil)","နယ္ဘက္ဆိုင္ရာ ျပစ္မႈ"
"offence(particulars of)","ျပစ္မႈက်ဴးလြန္ပံုေဖာ္ျပခ်က္"
"offence(statement of)","ျပစ္မႈ အမည္ေဖာ္ျပခ်က္"
"offensive","ထိုးစစ္"
"office copy","ရုံးလက္ခံ"
"office order","ရံုးတြင္းအမိန္႕"
"officer instructor","နည္းျပအရာရွိ"
"officiating","တာဝန္တိုးယူေဆာင္ျခင္း"
"on course of instruction ex-myanmar","ျပည္ပသင္တန္းတက္"
"on course of instruction inmyanmar","ျပည္တြင္း သင္တန္းတက္"
"on deputation","ဌာနျခားသို႕ ယာယီေစလႊတ္ျခင္း"
"on loan","အငွား"
"on probation","အစမ္းခန္႔ထားျခင္း"
"on repayment","ေနာင္ေပးခြင့္"
"open attest","အက်ယ္ခ်ဳပ္"
"open country","ေတာေတာင္မထူထပ္ေသာ နယ္ေျမ"
"open formation","က်ဲက်ဲတပ္ျဖန္႕ခြဲမႈ"
"operation","စစ္ဆင္မႈ၊ စစ္ဆင္ေရး၊ စစ္ဆင္ျခင္း"
"operational grouping","စစ္ဆင္ရန္ စုဖြဲ႕ျခင္း"
"operational immediate","အျမန္(စစ္ဆင္ေရး)"
"operation order","စစ္ဆင္မႈ အမိန္႕"
"opinion","ထင္ျမင္ခ်က္၊ အျမင္"
"oral test","ႏႈတ္ေျဖ စာေမးပြဲ"
"order","အမိန္႕၊ အစီအစဥ္"
"order(myanmar army)","ျမန္မာ့တပ္မေတာ္ အမိန္႔"
"order group(O group)","အမိန္႔ေပးအဖြဲ႔"
"order of battle","စစ္အဂၤါစဥ္"
"order of march(advance)","ခ်ီတက္မႈ အစီအစဥ္"
"order  of precedence","ရာထူးအလိုက္ ေနရာအစီအစဥ္"
"organic(troops)","ဖြဲ႔စည္းပံုအရတပ္မ်ား"
"orientation","ေဒသအလိုက္ အေျခအေန ေလ့လာမႈ"
"orientation (map)","ညႊန္းမွတ္ျခင္း၊ ေျမပံုႏွင့္ ေျမျပင္ တိုက္ဆိုင္ျခင္း"
"original","မူရင္း"
"other rank","အျခားအဆင့္ စစ္သည္"
"outflank(to)","ေဘးမွ ပန္းတက္ျခင္း"
"outpost","စစ္ေျမျပင္ ကင္းစခန္း"
"outstanding service","ထူးခၽြန္စြာ အမႈထမ္းရြက္ျခင္း"
"out station","တပ္နယ္ျပင္ပ"
"overall combination","အေပၚရံု အဝတ္"
"overdue, time bar(psat)","အခ်ိန္လြန္ျခင္း"
"over extended","အလြန္အမင္း တပ္ဆန္႔ျခင္း"
"overhead cover","အေပၚဖံုး"
"overpayment","ပို႔ေပးေငြ"
"overrun","ခ်င္းနင္း သိမ္းပိုက္သည္"
"over sea","ပင္လယ္ရပ္ျခား၊ တိုင္းတပါး"
"own troops","မိမိတပ္မ်ား"
"P","Papa"
"pace setting","ေျခလွမ္းႏႈန္း ေပးျခင္း"
"pack artillery","ဝန္တင္အေျမာက္တပ္"
"pack mule","ဝန္တင္လား"
"package","အထုပ္"
"packing material","ထုပ္ပိုးၿပီး ပစၥည္း"
"paint shop","ေဆးသုတ္ရံု"
"painter","ေဆးသုတ္သူ"
"pamphlet","စာေစာင္"
"paper under consideration","ထည့္သြင္းစဥ္းစားရန္စာ"
"paper under disposal","ေဆာင္ရြက္ရန္စာ"
"parachute","ေလထီး"
"pardon","လြတ္ၿငိမ္းခ်မ္းသာခြင့္"
"parent unit","မိခင္တပ္"
"part 1 order","အပိုင္း ၁ အမိန္႔"
"part 2 order","အပိုင္း ၂ အမိန္႔"
"particulars","အေၾကာင္းအခ်က္မ်ား"
"particulars of service","အမႈထမ္း အေၾကာင္းအရာ"
"partisans","ပါတီဝင္ ေျပာက္က်ား"
"pass(mountain)","ေတာင္ၾကားလမ္း"
"pass mark","ေအာင္မွတ္"
"pass word","ကင္း စကားဝွက္"
"passage regulation","ခရီးသြား စည္းမ်ဥ္းဥပေဒ"
"passage warrant","ျဖတ္သန္းသြားလာခြင့္ ဝရမ္း"
"patrol","လွည့္ကင္း"
"patrol bases","ကင္းလႊတ္စခန္းမ်ား"
"pattern maker","ပံုထြင္းသမား"
"pay book","လစာ စာအုပ္"
"pay code","လစာဥပေဒစု"
"payment","ေငြေပးျခင္း"
"peace","ၿငိမ္းခ်မ္းေရး၊ စစ္ေျပၿငိမ္းျခင္း"
"penalty clause","ဂတိပ်က္ စည္းမ်ဥ္းမ်ားအပိုဒ္"
"pending","ဆိုင္းငံ့၊ ဆိုင္းထားျခင္း"
"pending enquiry award","စံုစမ္းဆဲ ေထာက္ပံ့ေငြ"
"penetration (ammunition)","ေဖာက္ဝင္ျခင္း(ခဲယမ္း)"
"penetrartion(tactics)","ေဖာက္စစ္(နည္းဗ်ဴဟာ)"
"pension regulation part 1","အၿငိမ္းစား စည္းမ်ဥ္းဥပေဒ အပိုင္း ၁"
"pensionary terms","အၿငိမ္းစား စည္းမ်ဥ္း"
"percussion","ထိကြဲ"
"percussion cap","ထိကြဲ နားခြက္"
"percussion fuze","ထိကြဲ စနက္"
"perimeter defence","တပ္နယ္ဝန္း ကာကြယ္မႈ"
"period","ကာလ၊ အခ်ိန္အပိုင္းအျခား"
"period(teaching)","သင္ခန္းစာ သင္ခ်ိန္"
"personal","ကိုယ္ေရးကိုယ္တာ"
"personal gap","လူသြား ၾကားလမ္း"
"perusal","ဖတ္ရန္"
"pertrol tank","ဆီတိုင္ကီ"
"phase","အပိုင္း"
"phase line","စစ္ဆင္မႈ အပိုင္းမ်ဥ္း"
"phoney mine field","မိုင္းကြင္းအတု"
"picked","သံငုတ္တိုင္"
"picket","ေစာင့္ကင္း"
"pill box","အဂၤေတ ကတုတ္"
"pioneer battalion","ေဆာက္လုပ္ေရး အလုပ္သမားတပ္"
"pioneers (infantry)","ဦးေဆာင္တပ္သားမ်ား"
"pioneer and labour","ေဆာက္လုပ္ေရးႏွင့္ အလုပ္သမားမ်ား"
"pistol automatic","ပစၥတို"
"pistol revolver","ေျခာက္လံုးျပဴး"
"plan","စီမံမႈ၊ စီမံခ်က္၊ စီမံေရး"
"plan(drawing)","ပံုစံ(ပံုဆြဲ)"
"platoon headquarters","တပ္စုရံုး"
"plea","တရားခံ၏ ထြက္ဆိုခ်က္"
"plea (special)","အထူး ထြက္ဆိုခ်က္"
"point (advance guard)","ေရွ႕ဖ်ားတပ္"
"pole change","တုတ္ထိုး ယမ္းဘီလူး"
"pontoon","ေဘာ့ေလွ"
"pontoon bridge","ေဘာ့တံတား"
"pontoon raft","ေဘာ့ေဖာင္"
"portable","လက္ဆြဲ"
"postal discharge disability claim","နားမစြမ္းမႈအတြက္ ထြက္ခြင့္ျပဳၿပီးမွ ေတာင္းခံျခင္း"
"posting","ခန္႕ထားျခင္း၊ တာဝန္ေပးျခင္း"
"power turret","ဓါတ္အား ဆံုလည္"
"practice ammunition","ေလ့က်င့္ေရးက်ည္"
"preamble","စကားခ်ီး"
"precis","သင္ခန္းစာ အက်ဥ္း"
"predicated fire","တြက္ပစ္"
"prejudice","အဂတိ"
"preliminary","ပဏာမ"
"preliminary bombardment(preparation fire, artillery)","ႀကိဳတင္ပစ္ခတ္ျခင္း(အေျမာက္)"
"preliminary order","ႀကိဳတင္ အမိန္႔"
"premature retirement","အခ်ိန္မေစ့ဘဲ အၿငိမ္းစားယူျခင္း"
"press section","ပံုႏွိပ္ ဌာနစိတ္"
"pressure guage","ေလတိုင္း ဂိတ္"
"pre-trial advice","အမႈမတင္မီ အႀကံဥာဏ္ေပးခ်က္"
"price","ေစ်းႏႈန္း"
"primary","မူလ၊ အဓိက"
"primer","ပ်ိဳးယမ္း၊ နားခြက္"
"primer cord","ယမ္းႀကိဳး"
"priority","ဦးစားေပးမႈ အဆင့္"
"prismatic compass","ပရစၥမက္ အိမ္ေျမွာင္"
"prison","အက်ဥ္းေထာင္"
"prison (civil)","နယ္ဘက္ဆိုင္ရာ အက်ဥ္းေထာင္"
"prison of war(P.O.W)","သံုပန္း"
"probing attacks","ေသြးတိုးစမ္း တိုက္ခိုက္မႈ"
"procedure","လုပ္ငန္းစည္းမ်ဥ္း"
"procedure (legal)","က်င့္ထံုး"
"proceedings","အမႈတြဲမ်ား"
"processing","စည္းကမ္းစနစ္တက် ေဆာင္ရြက္ျခင္း"
"procurement","ပစၥည္း ဝယ္ယူမႈ"
"prodding (mine)","ထိုးဆြ၍ ရွာျခင္း(မိုင္း)"
"progress","တိုးတက္မႈ"
"progress report","တိုးတက္မႈ အစီအရင္ခံစာ"
"projectile (artillery)","က်ည္"
"promotion","အဆင့္တိုးျမွင့္ေရး"
"prompt","ခ်က္ခ်င္း"
"promulgation","ထုတ္ျပန္ေၾကျငာျခင္း"
"propellant (explosive)","ႏွင္ယမ္း"
"protection","အကာအကြယ္၊ ကာကြယ္မႈ"
"protective mine fields","အကာအကြယ္ မိုင္းကြင္းမ်ား"
"protractor","စက္ဝိုင္းျခမ္း"
"provisioning","ျဖည့္တင္းေရး၊ ျဖည့္တင္းျခင္း"
"provisioning officer","ျဖည့္တင္းေရးအရာရွိ"
"proximity fuze","ေရဒါ စနက္"
"psychological warfare branch","စိတ္ဓါတ္စစ္ဆင္မႈ ဌာနခြဲ"
"publications branch","ပံုႏွိပ္ျဖန္႔ခ်ိေရး ဌာနခြဲ"
"punishment","အျပစ္ေပးျခင္း"
"pursuit (tactical)","ထပ္ခ်ပ္လိုက္စစ္"
"Q","Quebec"
"Q matters","စစ္ေထာက္ကိစၥမ်ား"
"qualification pay","အရည္အခ်င္းလစာ"
"quadrant","စက္ဝိုင္းျခမ္း"
"quartering","ေနရာခ်ထားေရး"
"query","ေမးခြန္း"
"R","Romeo"
"rader","ေရဒါ"
"radio/wireless mechanic (RM)","ေရဒီယိုစက္ျပင္"
"radiological warfare","အႏုျမဴဓါတ္အားျဖင့္ စစ္ဆင္ျခင္း"
"raid","၀င္စီးျခင္း"
"rail","သံလမ္း"
"rail head (RH)","မီးရထားလမ္းဆံုး"
"railway","မီးရထား"
"railway transportation officer","မီးရထား ပို႔ေဆာင္ေရး အရာရိွ"
"ramp","ကံုးေဘာင္"
"range","စစ္ပစ္ကြင္း၊ အကြာအေ၀း"
"range finder","အကြာအေ၀းတိုင္း ကိရိယာ"
"range table","ပစ္ဇယား"
"ranging","အေ၀းပစ္ရွာျခင္း"
"rank, stage","အဆင့္"
"rapid fire, volley (Gun Fire)","အျမန္ပစ္"
"rate of advance","ခ်ီတက္မႈႏႈန္း"
"ration","ရိကၡာ"
"reaction","တံု႕ျပန္ျခင္း"
"rear (as a term in manoeuvre)","စစ္ေက်ာေနာက္ပိုင္း"
"rear (when far in rear is meant)","ေနာက္ေၾကာင္း"
"rear guard","ေနာက္ရံတပ္"
"rear headquarters","ေနာက္ပိုင္း ဌာနခ်ဳပ္"
"reason","အေၾကာင္းျပခ်က္"
"receipt and issue section","လက္ခံေရးႏွင့္ ထုတ္ေပးေရး ဌာနစိတ္"
"receipt voucher","ရေၾကာင္း ေဘာက္ခ်ာ"
"reckonable service","ေရတြက္ခြင့္ျပဳေသာ အမႈထမ္းသက္"
"recoil","ေနာက္ကန္ျခင္း၊ ေနာက္ကန္အား"
"recoilless (gun or rifle)","ေနာက္ပြင့္ အေျမာက္/ ရိုင္ဖယ္"
"recoil system","ေနာက္ကန္ထိန္းစနစ္"
"recoil system (assembly)","ေနာက္ကန္ထိန္းစနစ္"
"recommendation","ေထာက္ခံခ်က္"
"recondition","စင္းလံုးေခ်ာ ျပင္ျခင္း"
"reconnaissance","ကင္းေထာက္"
"á°á¯á¹reconnaissance boat","ကင္းေလွ"
"reconnaissance group (artillery)","ေနရာေရြး အဖဲြ႕"
"reconnaissance group (B.P)","အေျခအေနၾကည္႕ အဖဲြ"
"reconsideration","ျပန္လည္စဥ္းစားျခင္း"
"record of service","အမႈထမ္းသက္ မွတ္တမ္း"
"recovered","ျပန္လည္ေတြ႕ရိွ၊ ျပန္ေကာက္"
"recovery post","ပစၥည္းေကာက္ ေနရာ"
"recovery section","ပစၥည္းေကာက္ တပ္စိတ္"
"recreation  room","အပန္းေျဖရိပ္သာ"
"recruiting","စစ္သားစုေဆာင္းျခင္း"
"reduce (tactical)","ေခ်မႈန္းသည္"
"reduced to the ranks","တပ္သားအဆင့္သို႕ ေလွ်ာ့ခ်ုသည္"
"reduced to the rank of ---","--- အဆင့္သို႕ ေလွ်ာ့ခ်သည္"
"reference","ရည္ညႊန္းခ်က္"
"reference library","မီွျငမ္းျပဳ စာၾကည္႕တိုက္"
"refills","ထပ္ျဖည္႕ျခင္း"
"refresher course","ဥာဏ္သစ္ေလာင္းသင္တန္း"
"refugees","ဒုကၡသည္မ်ား"
"regimental orders","တပ္ရင္းအမိန္႕မ်ား"
"regrouping","ျပန္လည္ စုဖဲြ႕ျခင္း"
"regular army","အၿမဲတမ္း တပ္မေတာ္"
"regular commission","အၿမဲတမ္း ျပန္တမ္းဝင္"
"regular engagement","အၿမဲတမ္း စစ္မႈထမ္း"
"regulations","စည္းမ်ဥ္းဥပေဒ"
"rehabilitation","ျပန္လည္ ထူေထာင္ေရး"
"rehearsal","ဇာတ္တိုက္ျခင္း၊ ႀကိဳတင္ေလ့က်င့္ျခင္း"
"reinforcement","စစ္ကူ"
"reject","ပယ္သည္"
"relative forces","တပ္အင္အား ႏႈိင္းယွဥ္ခ်က္"
"relax","ေလွ်ာ့ေပါ့ျခင္း၊ သက္ေတာင့္သက္သာ"
"relaxation of age limit","အသက္ ကန္႕သတ္ခ်က္ကို ေလွ်ာ့ျခင္း"
"relay shoot (artillery)","တစ္ဆင့္ကမ္းပစ္"
"relay station","တစ္ဆင့္ ပို႕စက္/ ဌာန"
"release","ထြက္ခြင့္"
"release benefits","အလုပ္ထြက္မႈ ခံစားခြင့္မ်ား"
"release leave","အလုပ္ထြက္မႈခြင့္"
"release note/ order","(ပစၥည္း) ထုတ္ယူခြင့္စာ/ အမိန္႔"
"relevant","စပ္ဆိုင္ေသာ၊ ဆီေလ်ွာ္ေသာ"
"relief in the line","တိုက္ပြဲေနရာတြင္ တာဝန္လဲလွယ္ျခင္း"
"relinquishment","အလုပ္လႊဲအပ္ ရပ္စဲျခင္း"
"remarks","မွတ္ခ်က္"
"remaining under command","ကြပ္ကဲမႈေအာက္ ဆက္လက္ရွိေနေသာ"
"remainder","ႏႈိးေဆာ္စာ"
"remit(remisssion)","အျပစ္ဒဏ္ကို(လံုးဝေသာ္လည္းေကာင္း)တစ္စိတ္ေသာလည္းေကာင္း၊ပလပ္သည္"
"remote control","အေဝးထိန္း(ကိရိယာ)"
"remove","ရာထူးမွ ႏႈတ္ပယ္သည္"
"remustering","ပညာသည္အုပ္စု ေျပာင္းျခင္း"
"remustering (RV)","တပ္ခ်င္းဆံုရာ အရပ္၊ ဆံုရပ္"
"reorganisation","ျပန္လည္ ဖဲြ႕စည္းျခင္း"
"repair and recovery","ျပင္ျခင္းႏွင့္ ပစၥည္းေကာက္ျခင္း"
"repayment basis","ေနာင္ေပး စနစ္"
"repeat, repeat range","ထပ္ပစ္"
"replacement","အစားေပးျခင္း (လူ/ ပစၥည္း)၊ လူအင္အား ျဖည္႔တင္းေပးျခင္း"
"replenish","အစားျဖည္႔ျခင္း"
"reply","ျပန္စာ"
"report","အစီရင္ခံစာ"
"report centre","သတင္းပို႔ဌာန"
"report line","သတင္းပို႔မ်ဥ္း"
"reports and returns","အစီရင္ခံစာႏွင့္ ျပန္တမ္းမ်ား"
"reprimand","ျပစ္တင္ ရႈတ္ခ်ုသည္"
"reprimanded","ျပင္းထန္စြာ ျပစ္တင္ ရႈတ္ခ်သည္"
"repulse","တြန္းလွန္ပစ္ျခင္း"
"require","လိုအပ္သည္"
"requirement","လိုအပ္ခ်က္"
"requisition","အမိန္႔ႏွင့္ ငွားျခင္း"
"requisition of rivercraft","ေရယာဥ္ အမိန္႔ႏွင့္ ငွားျခင္း"
"research","သုေတသန"
"resection (map reading)","မ်ဥ္းျပင္ဆဲြနည္း (ေျမပံုဖတ္)"
"reserve list","အရံစာရင္း"
"reserve ration","အရံရိကၡာ"
"reservist pension","အရံ အမူထမ္း အၿငိမ္းစားလစာ"
"resignation","ႏႈတ္ထြက္ျခင္း"
"restricted","ကန္႔သတ္"
"resubmit","ျပန္လည္ တင္ျပျခင္း"
"retire (tactical)","ေနာက္သို႔ ခြာျခင္း"
"retiring gratuity","အၿငိမ္းစားဆုေငြ"
"returnable container","ျပန္္ေပးရမည္႕ ပံုးခြံ"
"returns","ျပန္တမ္း"
"reverse slopes","ေနာက္ဆင္ေျခေလွ်ာ"
"reversion","ရာထူး ေလွ်ာ႔ခ်ျခင္း"
"revetment","ေဘာင္ခတ္ျခင္း"
"review","ေဝဖန္ စိစစ္သည္"
"revised estimates","ျပင္ဆင္ထားသည္႔ ခန္႔မွန္းေျခ"
"revision","ျပန္လည္စစ္ေဆးျခင္း"
"revision of finding and sentence","ေကာက္ခ်က္ႏွင့္ စီရင္ခ်က္ကို စစ္ေဆး ျပင္ဆင္ျခင္း"
"revision of sentence","စီရင္ခ်က္ကို စစ္ေဆးျပင္ဆင္ျခင္း"
"riband (bridging)","ဖိတန္း"
"ricochet","ူက်ည္ပ်ံ"
"rifling","ေျပာင္းရစ္"
"rim (ammunition)","က်ည္ခြံအနား"
"rim fire","အနားရိုက္က်ည္"
"remless (ammunition)","အနားမဲ့က်ည္"
"river head","ျမစ္လမ္းဆံုး"
"road capacity","လမ္း၏ ယာဥ္လက္ခံႏႈန္း"
"road head","ကားလမ္းဆံု"
"road net","လမ္း ကြန္ခ်ာမ်ား"
"roster","အလွည္႔က်စာရင္း"
"rocket (artillery)","ဒံုး"
"rout","တပ္လန္ျခင္း"
"route restrictions","သြားလာေရး ကန္႔သတ္ခ်က္မ်ား"
"á¯á¯á¯route of advance (lines of advance)","ခ်ီတက္ရာ လမ္းေၾကာင္းမ်ား"
"routine/normal","ုသာမန္ လုပ္ရိုး လုပ္စဥ္"
"routine orders","သာမန္ အမိန္႕မ်ား"
"rule","နည္းဥပေဒ"
"S","Sierra"
"sabotage","လ်ွိဳ႕ဝွက္ ဖ်က္ဆီးျခင္း"
"safely angle","ရန္ကင္း ေထာင့္"
"safely fuze","ေဘးကင္း စနက္ႀကိဳး"
"salients","စစ္စြယ္"
"salvage(N)","ပစၥည္းပ်က္"
"salvage(V)","ပစၥည္းပ်က္စုေဆာင္းျခင္း"
"salvo","ၿပိဳင္ပစ္"
"sampling","နမူနာ စစ္ျခင္း"
"sand table/ sand model","သဲေျမပံု"
"scale","ႏႈန္းထား"
"scale(map)","စေကး(ေျမပံု)"
"schdule","ဇယား"
"schdule time","သတ္မွတ္ခ်ိန္"
"science apparatus","သိပၸံပညာကိရိယာ"
"scorch earth","ေျမလွန္စနစ္"
"scout","ေရွးေျပးကင္းေထာက္"
"screen","ကာကင္း"
"search light","ဆလိုက္မီး၊ မီးေမာင္း"
"season","ရာသီ"
"second line ammunition/ stores","ဒုတိယအဆင့္ ခဲယမ္းမီးေက်ာက္/ ပစၥည္း"
"second line task","ဒုတိယအဆင့္ လုပ္ငန္း"
"second line transport","ဒုတိယအဆင့္ ပို႕ေဆာင္ေရးယာဥ္"
"secondary","အဓိကမဟုတ္ေသာ"
"secondment","လႊဲေျပာင္း အမႈထမ္းေစျခင္း"
"secret","လ်ွိဳ႕ဝွက္"
"section (law)","ပုဒ္မ(ဥပေဒ)"
"section (within a workshop)","ဌာနစိတ္"
"section officer","ဌာနစိတ္ အရာရွိ"
"sections of front","စစ္မ်က္ႏွာစိတ္မ်ား"
"sectors","စစ္မ်က္ႏွာ အကန္႔မ်ား"
"security","လံုၿခံဳေရး"
"security deposit","အာမခံေငြ"
"security reports","အစီရင္ခံစာ"
"sedition","လႈံ႕ေဆာ္ျခင္း(မတရား)"
"segregated  stock","သီသန္႔စာရင္း"
"self inflicted injury","ကိုယ္တိုင္ျပဳ ဒဏ္ရာ"
"self propelled (SP artillery)","ယႏ ၱယား အေျမာက္"
"seminar","ႏွီးေႏွာပြဲ"
"senior medical","အထက္တန္း ေဆးမွဴး"
"sentence","စီရင္ခ်က္"
"sentry","ကင္းေစာင့္"
"separate","သီးျခား"
"service book"," အမႈထမ္း စာအုပ္"
"service gratuity","အမႈထမ္း ဆုေငြ"
"service pension","အမႈထမ္း အၿငိမ္းစားလစာ"
"serviceable","သံုးႏုိင္ေသာ (ပစၥည္း)"
"services","ဝန္ထမ္း တပ္မ်ား"
"set aside(legal)","ပယ္ဖ်က္သည္ (ဥပေဒ)"
"set off","ႏွိ္မ္ယူျခင္း"
"sheet metal worker","သတၱဳျပားကိုင္"
"shelters(air-raid)","ဗံုးခိုျခင္း"
"shipment","သေဘၤာတင္ျခင္း"
"shock absorber (buffer)","ဒဏ္ခံ"
"shock effect","ျပင္းထန္ေသာ တိုက္စြမ္းအား"
"shock troops(strom troop)","မုန္တိုင္းတပ္မ်ား"
"shock service commission","သက္တမ္းတို ျပန္တမ္းဝင္"
"storage","အလို၊ အေလ်ာ့၊ ပ်က္လပ္"
"shrapnel","ဗံုးဆံစ"
"siege","ဝိုင္းပိတ္ တပ္စြဲထားျခင္း"
"singal dispatch service(SDS)","အခ်က္ျပ ေခ်ာစာပို႕"
"sigh rule","ၾကည့္ မ်ဥ္းတံ"
"sign post","ေၾကာ္ျငာဘုတ္တိုင္"
"signature","ထိုးၿမဲလက္မွတ္"
"slient attack","ဆိတ္ဆိတ္ တိုက္ခိုက္မႈ"
"silhouette","အရိပ္ပံု"
"simple procedure","ရိုးရိုး လုပ္ငန္းစည္းမ်ဥ္း၊ လြယ္ကူေသာ လုပ္ငန္းစည္းမ်ဥ္း"
"sitting","ေနရာေရြးျခင္း"
"skeleton exercise","အက်ဥ္းခ်ံဳး ေလ့က်င့္ခန္း"
"skeleton staff","အက်ဥ္းခ်ံဳး ရံုးအဖြဲ႕"
"sky line","ေကာင္းကင္ေနာက္ခံ"
"slide rule","သခ်ၤာေလွ်ာတံ"
"sling","လြယ္ႀကိဳး"
"slit trench","က်င္း"
"smoke screen","မိႈင္းကာ"
"snipers","လက္ေျဖာင့္ တပ္သား"
"sniperscope","လက္ေျဖာင့္ တပ္သားသံုး မွန္ေျပာင္း"
"solve","ေျဖရွင္းသည္"
"sound method","အသံျဖင့္ ဆက္သြယ္ျခင္းနည္း"
"sound ranging","အသံျဖင့္ ေနရာရွာျခင္း"
"source","ပင္ရင္း"
"special emergency commission","အထူးအေရးေပၚ ျပန္တမ္းဝင္"
"special returns","အထူးျပန္တမ္းမ်ား"
"special short service commission","အထူး သက္တမ္းတိ ုျပန္တမ္းဝင္"
"specific authority","အတိအက် အမိန္႕အာဏာ"
"specification","အေသးစိတ္ သတ္မွတ္ခ်က္"
"specimen signature","နမူနာ ထိုးၿမဲလက္မွတ္"
"sports officer","အားကစား အရာရွိ"
"spot check","ကြက္ၾကား စစ္ေဆးျခင္း"
"staff (military)","ဦးစီးအဖြဲ႕"
"staff captain (SC)","ဦးစီး ဗိုလ္ႀကီး"
"staff officer(SO)","ဦးစီး အရာရွိ"
"staff tables","ဦးစီး ဇယားမ်ား"
"staggered formation","မညီမညာ တပ္ျဖန္႔ခြဲ႕မႈ"
"staging  area","စခန္းေထာက္ ေနရာ"
"stalemate","စစ္ေမ်ာျခင္း"
"stalking","သားေကာင္လိုက္နည္း"
"stand down","ၿပီးေစ"
"stand by","အရံသင့္ေန"
"stand to","အသင့္ ေနရာယူ"
"standing army","အၿမဲတမ္းၾကည္းတပ္"
"standing order","တည္ၿမဲ အမိန္႔"
"standing strength","အၿမဲတမ္း တပ္အင္အား"
"start line(SL)","စမ်ဥ္း"
"static defence","ခံစစ္ေသ"
"static headquarter","အေျခစိုက္ ဌာနခ်ဳပ္"
"stationary target","ရပ္တည္ ပစ္မွတ္"
"statistic","သရုပ္ျပ ဂဏန္း"
"step up set","ဆင့္တိုး ဆက္သြယ္ေရးစက္"
"sterling expenditure","စတာလင္ ေငြသံုးစာရင္း"
"stock pile","အပို သိုေလွာင္ထားျခင္း"
"stockade","သစ္တပ္"
"stoppages","ရပ္စဲျခင္းမ်ား"
"stoppages of pay and allowance","လစာႏွင့္ ေထာက္ပံ့ေၾကးမ်ား ရပ္စဲထားျခင္း"
"stores","ပစၥည္း"
"stores group","ပစၥည္းစု"
"storeman","ပစၥည္းထိန္း"
"store section","ပစၥည္းထိန္း ဌာနစိတ္"
"strafing","ေလယာဥ္မွ စက္ေသနတ္ျဖင့္ ပစ္ျခင္း"
"stragglers","တိုက္ပြဲေျပး ကြဲျပားက်န္ရစ္သူမ်ား"
"stratagem","ဥာဏ္ဆင္မႈ"
"strategic materials","စစ္ပရိယာယ္ေရးရာ ပစၥည္း"
"strategical front","စစ္ပရိယာယ္၏ မ်က္ႏွာစာ"
"strategy","စစ္ပရိယာယ္"
"strength return","အင္အား ျပန္တမ္း"
"strength statement","လူအင္အား စာရင္း"
"stretcher bearers","လူနာသယ္ စစ္သည္"
"striking forces","လက္နက္ကိုင္ တပ္မ်ား"
"strong position/ point","အခိုင္အမာ ေနရာ"
"sub base (survey)","မ်ဥ္းရွင္"
"sub head","ေခါင္းစဥ္လတ္"
"subject","ကိစၥ၊ အေၾကာင္းအရာ၊ ဘာသာရပ္"
"submit","တင္ျပသည္"
"subborinate formation","လက္ေအာက္ခံ တပ္ဖြဲ႕"
"subsequent transmission","ဆက္လက္ အသံလႊင့္ခ်က္"
"substantive","မူလ"
"sub unit","တပ္ အစိတ္အပိုင္းမ်ား"
"subversion","အတြင္း လႈိက္ၿဖိဳျခင္း"
"success signal","ေအာင္ျမင္ေၾကာင္း အခ်က္ျပခ်က္၊ ေအာင္အခ်က္ျပ"
"suggestion","အႀကံေပးခ်က္"
"suitability","သင့္ေတာ္ျခင္း"
"summary disposal","ကိုယ္ပိုင္အာဏာျဖင့္ စီရင္ျခင္း"
"summary of evidence","သက္ေသခံ အက်ဥ္းခ်ဳပ္"
"summary of evidence (addition)","ထပ္မံျဖည့္စြက္ မွတ္ယူေသာ သက္ေသခံ အက်ဥ္းခ်ဳပ္"
"superimpose","ထပ္ပိုးပစ္"
"supervisor","ႀကီးၾကပ္သူ"
"supplement","ျဖည့္စြက္ျခင္း"
"supply point (sup P)","ေထာက္ပံ့ေရး တပ္ဆြယ္"
"supply point(field admistrative)","ရိကၡာေဝစခန္း"
"supporting administrative units","အကူ အုပ္ခ်ဳပ္မႈတပ္မ်ား"
"supporting arms","လက္ရံုး တပ္မ်ား"
"supporting forces","အကူ တပ္မ်ား"
"supporting formation","အကူ တပ္ဖြဲ႕မ်ား"
"supporting weapons","အကူ လက္နက္ႀကီးမ်ား"
"suppress","ႏွိမ္နင္းျခင္း"
"surface travel","ကုန္းလမ္းေရလမ္း"
"surplus","အပို"
"surprise","အငိုက္ဖမ္းျခင္း"
"surrender","လက္နက္ခ်"
"surround","ဝိုင္းထားျခင္း"
"suspend from duty, suspension","ရာထူးမွ ေခတၱခ်ထားျခင္း"
"suspense accout","ယာေငြ စာရင္း"
"suspension of sentences","အျပစ္ဒဏ္ဆိုင္းထားျခင္း"
"sustained fire","ဆက္တိုက္ပစ္ခတ္ျခင္း"
"swear","က်မ္းသစၥာ က်ိန္ဆိုသည္"
"switch(engineer)","ရွင္းပစ္"
"syllabus","သင္ရိုး"
"synchronise","ညွိျခင္း၊ တိုက္ျခင္း"
"T","Tango"
"tactical column","တိုက္ခိုက္ေရး စစ္ေၾကာင္း"
"tactical elements","တိုက္ခိုက္ေရး အစိတ္အပိုင္း"
"tactical employment(role)","စစ္ဗ်ဴဟာနည္းအရ အသံုးျပဳျခင္း"
"tactical exercises","စစ္ဗ်ဴဟာ ေလ့က်င့္ခန္း"
"tactical exercises  without troops(TEWTS)","တပ္မဲ့ ေလ့က်င့္ခန္း"
"tactical headquarters (command post)","တိုက္ပြဲကြပ္ကဲမႈ ဌာနခ်ဳပ္"
"tactical inspection","စစ္နည္းဗ်ဴဟာအတတ္ စစ္ေဆးျခင္း"
"tactical march","တိုက္ခိုက္ရန္ ခ်ီတက္ျခင္း"
"tactical mine fields","စစ္ဗ်ဴဟာ မိုင္းကြင္းမ်ား"
"tactical net(operation net)","စစ္ဆင္မႈ စက္စု"
"tactical principle","စစ္နည္းဗ်ဴဟာ အေျခခံသေဘာတရား"
"tactical reserve (immediate or battle)","စစ္နည္းဗ်ဴဟာ အရံတပ္၊ တိုက္ပြဲ အရံတပ္"
"tactical troops/ combat troops","တိုက္ခိုက္ေရး တပ္မ်ား"
"tactics","စစ္နည္းဗ်ဴဟာ"
"tactics, minor","တိုက္နည္း"
"tailor","စက္ခ်ဳပ္သမား"
"talc","လေၾကးျပား"
"tank crews","တင့္ကား အဖြဲ႔"
"tank rally","တင့္ကား စုရပ္/ နားရပ္"
"task force","အထူးတာဝန္ တပ္ဖြဲ႕"
"task in general","အၾကမ္းဖ်င္း တာဝန္"
"task in particular","အတိအက် တာဝန္"
"teaching aid","သင္ေထာက္ကူ ပစၥည္း"
"teaching method","သင္ၾကားပို႔ေဆာင္မႈဆိုင္ရာ နည္းလမ္းမ်ား"
"teaching principle","သင္ၾကားပို႔ေဆာင္မႈဆိုင္ရာ  သေဘာတရား"
"technician","ပညာရွင္"
"technique","နိသ်ွ၊ နည္းလမ္း"
"telecommunication","ေၾကးနန္း ဆက္သြယ္ေရး"
"telecommunication section","ဆက္သြယ္ေရးကိရိယာ ဌာနစိတ္"
"tempo (of section)","အရွိန္"
"temporary","ယာယီ"
"term of agreement","စာခ်ဳပ္ဝင္ စည္းမ်ဥ္း"
"term of contract","သေဘာတူစာခ်ဳပ္ပါ စည္းမ်ဥ္းမ်ား"
"terrain","ေျမအေနအထား"
"treeitorial war","နယ္ခြဲ၍ စစ္ေဆးျခင္း"
"test mobilization","အစမ္း စစ္အေျခသို႔ ေျပာင္းျခင္း"
"testing","စစ္ေဆးျခင္း"
"testing machine","စစ္ေဆးရန္စက္"
"text","စာကိုယ္"
"text book","ျပဌာန္းခ်က္ စာအုပ္"
"textile refitter","ရြက္ဖ်င္ခ်ဳပ္"
"theater of operations","စစ္နယ္ဝွမ္း"
"thinning out","အလီလီ တပ္ႏႈတ္ျခင္း"
"time table","အခ်ိန္ဇယား"
"title","ဘြဲ႕တံဆိပ္၊ ေခါင္းစဥ္"
"to","သို႔"
"to roll up defence","ခံစစ္ ႏႈတိခမ္းလံုးျခင္း"
"top secret","ထိပ္တန္း လ်ွိဳ႕ဝွက္"
"topography","ေျမမ်က္ႏွာျပင္ အေနအထား"
"total","စုစုေပါင္း"
"total war","အၾကြင္းမဲ့စစ္"
"tour of duty","တာဝန္က် အခ်ိန္ပိုင္း"
"tours","နယ္လွည့္ျခင္း"
"tracer ammunition","လင္းက်ည္"
"track","ေတာလမ္း"
"track discipline","ေတာလမ္း စည္းကမ္း"
"track vehicles","ခ်ိန္းကား"
"tractor","ဆြဲယာဥ္(ဘီး/ ခ်ိန္း)"
"tradition","အစဥ္အလာ ထံုးတမ္း"
"traffic control","သြားလာမႈ ႀကီးၾကပ္ျခင္း"
"traffic post","သြားလာမႈ ႀကီးၾကပ္ေရး ေနရာ"
"trail","ထြင္လမ္း"
"trailer","ယာဥ္ေနာက္တြဲ"
"trainee","ပညာသင္"
"training","ေလ့က်င္ေရး"
"training grant","ေလ့က်င္ေရး ေထာက္ပံ့ေငြ"
"transfer","ေျပာင္းေရႊ႕ျခင္း"
"transfer of administrative command","အုပ္ခ်ဳပ္မႈအာဏာ ေျပာင္းေရႊ႕ျခင္း"
"transmission","အသံလႊင့္ျခင္း၊ ပို႔ေဆာင္ျခင္း"
"transport","ပို႕ေဆာင္ေရး၊ ယာဥ္"
"traverse(survey)","ေထာင့္ျဖတ္"
"trench","ကတုတ္က်င္း"
"trial","စစ္ေဆး စီရင္ျခင္း"
"trial of several accused persons(joint)","တရားခံမ်ားကို ပူးတြဲ၍ စစ္ေဆးစီရင္ျခင္း"
"trigger","ပစ္ခလုတ္"
"trip wire","ခလုတ္ႀကိဳး"
"triplicate","မူရင္းထပ္တူ သံုးေစာင္"
"tropicalised","အပူပိုင္း ဥတုခံေအာင္ ျပဳလုပ္ျခင္း"
"truce","စစ္ရပ္ဆိုင္းျခင္း"
"true copy","မိတၱဴမွန္"
"true north","မူမွန္ ေျမာက္"
"truck line","ပင္မလိုင္း"
"trustees","ထိမ္သိမ္းသူမ်ား"
"turner","တြင္ခံုကိုင္"
"turning movement","လွည့္တက္စစ္"
"turnover","အထက္ေအာက္ ပစၥည္းလွန္ျခင္း၊ လွည့္သံုးျခင္း"
"turret","ဆံုလည္"
"type","အမ်ိဳးအစား"
"typewriter repair","လက္ႏွိပ္စက္ျပင္"
"U","Uniform"
"ultimate objective","အဆံုးသတ္ ရည္မွန္းခ်က္"
"ultimatum","ရာဇသံ"
"umpire","ဒိုင္လူႀကီး"
"unarmed combat","လက္နက္မဲ့ တိုက္ခိုက္ျခင္း"
"unauthorised person","မသက္ဆိုင္သူ"
"unclassified","တန္းမဲ့"
"unconditional surrender","ျခြင္းခ်က္မရွိ လက္နက္ခ်ျခင္း"
"under arrest","အခ်ဳပ္ခံေနရေသာ"
"under command","ကြပ္ကဲမႈေအာက္"
"undersigned","ေအာက္ပါလက္မွတ္ ေရးထိုးသူ"
"under study","ေလ့လာသူ"
"unexploded bomb","မေပါက္ကြဲေသာဗံုး"
"unified command, unity of command","တစ္ခုတည္းေသာ ကြပ္ကဲမႈ"
"unifrom(clothing)","စစ္ဝတ္စံု"
"unit imprest","တပ္ေဆာင္ေငြ"
"units of army","တပ္မေတာ္ လက္ေအာက္ခံတပ္မ်ား"
"unit of effort","တညီတညြတ္တည္း ႀကိဳးပမ္းမႈ"
"unserviceable","သံုးမရ(ပစၥည္း)"
"up, raise(arty air burst)","ျမွင့္"
"upgrading","အဆင့္ တိုးျမွင့္ျခင္း"
"uranium","ယူေရနီယံ"
"urgent","ခ်က္ျခင္း"
"user test","စမ္းသံုးၾကည့္ျခင္း"
"utility","အသံုးဝင္ၿခင္း"
"V","Victor"
"vacancy(course)","ေနရာလပ္ (သင္တန္း)"
"valid","ခိုင္လံုသည္"
"valid sentence","ခိုင္လံုေသာ စီရင္ခ်က္"
"vanguard","ေရွ႕ေျပးတပ္"
"variaton (composs)","ကြာျခားခ်က္"
"vehicle","ယာဥ္"
"vehicle mechanic","ယာဥ္ျပင္"
"vehicle section","ယာဥ္ျပင္ ဌာနစိတ္"
"verbal order","ႏႈတ္မိန္႕"
"verification roll","လူပံုစံျပ စာရင္း"
"vereylite(flame)","ဗယ္ရီ မီးက်ည္"
"vernacularization","ျမန္မာစာ ရံုးသံုးျပဳေရး"
"vertical envelopment","ေလေၾကာင္းဆင္း တိုက္စစ္"
"vital ground","အခ်က္အျခာျဖစ္ေသာ ေနရာ"
"view","သေဘာ အယူအဆ"
"view point","ရႈရပ္"
"vital","အခ်က္အျခာျဖစ္ေသာ"
"vocabulary","ေဝါဟာရ"
"volunteer","အေပ်ာ္တမ္း"
"voucher","ေဘာက္ခ်ာ၊ ေျပစာ"
"vulcanist","တိုင္ယာကၽြတ္ျပင္"
"vulnerable","အႏ ၱရာယ္ျဖစ္ဖြယ္ရာရွိျခင္း"
"W","Whiskey"
"waive","ေလ်ွာ္ပစ္သည္"
"walking wounded","သြားလာႏိုင္ေသာ ဒဏ္ရာရသူ"
"war crime","စစ္ရာဇဝတ္မႈ"
"war criminal","စစ္ရာဇဝတ္သား"
"war diary","ေန႔စဥ္ စစ္မွတ္တမ္း"
"war establishment(WE)","စစ္ဖြဲ႕စည္းပံုဇယား"
"war of attrition(protected war)","အမွည့္ေျခြ ေရရွည္စစ္"
"war of limited objective","ကန္႕သတ္ရည္မွန္းခ်က္စစ္"
"war of movement (mobile warfare)","လႈပ္ရွားစစ္"
"war of position (positional warfare)","ေနရာယူစစ္"
"war of substantive (WS)","စစ္အတြင္း မူလရာထူး"
"warehouse","ကုန္ေလွာင္ရံု"
"warhead","ယမ္းပါေသာ အပိုင္း၊ ယမ္းပိုင္း"
"warlike store","စစ္သံုးပစၥည္း"
"warned","သတိေပးသည္"
"warning order","သတိေပး အမိန္႕"
"warrant officer","အရာခံဗိုလ္"
"warranty expiry","အာမခံ သက္တမ္းကုန္"
"water discipline","ေရသံုးစည္းကမ္း"
"water point","ေရေဝစခန္း"
"water truck","ေရကား"
"weather","ဥတု"
"weather forecast","ဥတု ခန္႔မွန္းခ်က္"
"weekly operational casualties","၇ ရက္ တစ္ပတ္ တိုက္ပြဲျဖစ္စဥ္ ျပန္တမ္း"
"welder","သံဆက္"
"welder (acetylene)","သံဆက္ (ဓါတ္ေငြ႕)"
"welder (acetylene and electric)","သံဆက္ (ဓါတ္ေငြ႕ ႏွင့္ လွ်ပ္စစ္)"
"welder (electric)","သံဆက္ (လွ်ပ္စစ္)"
"welfare officer","သက္သာေခ်ာင္ခ်ိေရး အရာရွိ"
"wharf","သေဘၤာကပ္ ဆိပ္ခံ"
"wharfage","သေဘၤာကပ္ခ"
"wide front","က်ယ္ျပန္႕ေသာ စစ္မ်က္ႏွာ"
"wind correction","ေလႀကိဳခ်ိန္ျခင္း၊ ေလႀကိဳပစ္ျခင္း"
"wind deflection (artillery)","ေလေၾကာင့္ တိမ္းျခင္း"
"wind direction","ေလေၾကာင္း"
"windward","ေလသာ"
"wireless","ဝိုင္ယာလက္"
"wireless silence","အဆက္အသြယ္ ရပ္နားျခင္း"
"with effect from","မွစ၍"
"withdrawl, retrograde movement","ခြာစစ္"
"wintness","သက္ေသ"
"wintness (additional)","စာရင္းမတင္ရေသးေသာ သက္ေသ"
"wintness (prosecution)","တရားလိုျပ သက္ေသ"
"words of command","စစ္မိန္႕သံမ်ား"
"work order (repair)","စစ္ျပင္ ေတာင္းခံလႊာမ်ား"
"work ticket","သြားလာမႈ လက္မွတ္"
"work GE","ေဆာက္လုပ္ေရး"
"work order (work)","ေဆာက္လုပ္မႈ အမိန္႕"
"workshops","အလုပ္ရံုမ်ား"
"write-off","စာရင္း ပယ္ဖ်က္သည္"
"written order","အမိန္႕"
"written test","ေရးေျဖ စာေမးပြဲ"
"X","X-Ray"
"X list","ပယ္တရင္း၊ ၾကက္ေျခ(X) စာရင္း"
"Y","Yankee"
"yours ops 13 of 071330","သင့္ဦး ၁၃ ေန႕ခ်ိန္ ၀၇၁၃၃၀"
"Z","Zulu"
"zeroing","ခ်ိန္သီးညွိျခင္း"
"zones of action","စစ္ဆင္ေရးနယ္မ်ား"
"zones of advance","ခ်ီတက္မႈ နယ္မ်ား"
"zones of operations","စစ္ဆင္မႈ နယ္မ်ား"
"second lieutenant","ဒုဗိုလ္"
"lieutenant","ဗိုလ္"
"captain","ဗိုလ္ႀကီး"
"major","ဗိုလ္မွဴး"
"lieutenant colonel","ဒုဗိုလ္မွဴးႀကီး"
"colonel","ဗိုလ္မွဴးႀကီး"
"brigadier general","ဗိုလ္မွဴးခ်ဳပ္"
"major general","ဗိုလ္ခ်ဳပ္"
"lieutenant general","ဒုတိယဗိုလ္ခ်ဳပ္ႀကီး"
"general","ဗိုလ္ခ်ဳပ္ႀကီး"
"vice senior general","ဒုတိယဗိုလ္ခ်ဳပ္မွဴးႀကီး"
"senior general","ဗိုလ္ခ်ဳပ္မွဴးႀကီး"
"private","တပ္သား"
"á°lance coporal","ဒုတပ္ၾကပ္"
"coporal","တပ္ၾကပ္"
"sergeant","တပ္ၾကပ္ႀကီး"
"quarter master sergeant","တပ္ခြဲတပ္ၾကပ္ႀကီး"
"warrant officer I","ဒုအရာခံဗိုလ္"
"warrant officer II","အရာခံဗိုလ္"
"Commander in Chief of Defense Services","တပ္မေတာ္ကာကြယ္ေရးဦးစီးခ်ဳပ္"
"Deputy Commander in Chief of Defense Services","ဒုတိယတပ္မေတာ္ကာကြယ္ေရးဦးစီးခ်ဳပ္"
"Commander in Chief (Army)","ကာကြယ္ေရးဦးစီးခ်ဳပ္(ၾကည္း)"
"Commander in Chief (Navy)","ကာကြယ္ေရးဦးစီးခ်ဳပ္(ေရ)"
"Commander in Chief (Air)","ကာကြယ္ေရးဦးစီးခ်ဳပ္(ေလ)"
"Adjutant General","စစ္ေရးခ်ဳပ္"
"Quartermaster General","စစ္ေထာက္ခ်ဳပ္"
"Defense Services Inspector General","တပ္မေတာ္စစ္ေဆးေရးအရာရွိခ်ဳပ္"
"Chief of Armed Forces Training","တပ္မေတာ္ေလ့က်င့္ေရးအရာရွိခ်ဳပ္"
"Military Affairs Security (Chief)","တပ္မေတာ္စစ္ဘက္ဆိုင္ရာလံုၿခံဳေရးအရာရွိခ်ဳပ္"
"Chief of Staff (Army)","စစ္ဦးစီးအရာရွိခ်ဳပ္(ၾကည္း)"
"Chief of Staff (Navy)","စစ္ဦးစီးအရာရွိခ်ဳပ္(ေရ)"
"Chief of Staff (Air)","စစ္ဦးစီးအရာရွိခ်ဳပ္(ေလ)"
"Military Appointments General","စစ္ရာထူးခန္႔ခ်ဳပ္"
"Judge Advocate General","စစ္ဥပေဒခ်ဳပ္"
"Vice Adjutent General","တြဲဖက္စစ္ေရးခ်ဳပ္"
"Vice Quartermaster General","တြဲဖက္စစ္ေထာက္ခ်ဳပ္"
"Provost Marshal","တပ္မေတာ္တပ္ထိန္းခ်ဳပ္"
"Director of Ordinance","စစ္လက္နက္ပစၥည္းညႊန္ၾကားေရးမွဴး"
"Director of Military Enginerring","စစ္အင္ဂ်င္နီယာညႊန္ၾကားေရးမွဴး"
"Director of Medical Services","ေဆး၀န္ထမ္းညႊန္ၾကားေရးမွဴး"
"Director of Signal","ဆက္သြယ္ေရးညႊန္ၾကားေရးမွဴး"
"Director of Defense Services Procurment","ပစၥည္း၀ယ္ယူမွဳညႊန္ၾကားေရးမွဴး"
"Director of People Militias and Frontier Forces","ၿပည္သူ႔စစ္ႏွင့္နယ္ၿခားေစာင့္တပ္မ်ားညႊန္ၾကားေရးမွဴး"
"Director of People Relation and Psychological Welfare","ၿပည္သူ႔ဆက္ဆံေရးႏွင့္စိတ္ဓာတ္စစ္ဆင္ေရးညႊန္ၾကားေရးမွဴး"
"Director of Resettlement","ၿပန္လည္ေနရာခ်ထားေရးညႊန္ၾကားေရးမွဴး"
"Director of Military Training","ေလ့က်င့္ေရးညႊန္ၾကားေရးမွဴး"
"Director of Armor","သံခ်ပ္ကာယႏၱရားတပ္ဖြဲ႔ညႊန္ၾကားေရးမွဴး"
"Director of Artillery","အေၿမာက္တပ္ဖြဲ႔ညႊန္ၾကားေရးမွဴး"
"Command Commander","တိုင္းမွဴး"
"Division Commander","တပ္မမွဴး"
"Tectical Operation Command","စစ္ဗ်ဴဟာမွဴး"
"Assistant Judge Advocate General","လက္ေထာက္စစ္ဥပေဒခ်ဳပ္"
"Commanding Officer","တပ္ရင္းမွဴး"
"Second in Command","ဒုတိယတပ္ရင္းမွဴး"
"General Staff Officer Grade I","စစ္ဦးစီးအရာရွိ(ပထမတန္း)"
"General Staff Officer Grade II","စစ္ဦးစီးအရာရွိ(ဒုတိယတန္း)"
"General Staff Officer Grade III","စစ္ဦးစီးအရာရွိ(တတိယတန္း)"
"Adjutant","တပ္ေရးဗိုလ္ႀကီး"
"Quarter Master","တပ္ေထာက္ဗိုလ္ႀကီး"
"Intelligence Officer","ေထာက္လွမ္းေရးအရာရွိ"
"Signal Officer","ဆက္သြယ္ေရးအရာရွိ"
"Medical Officer","ေဆးမွဴး"
"Medical Assistant","ေဆးလက္ေထာက္အရာခံဗိုလ္"
"Regimental Quarter Master Sergeant","တပ္ရင္းတပ္ေထာက္အရာခံဗိုလ္"
"Head Clerk","ရံုးအုပ္ႀကီး"
"Sergeant Clerk","တပ္ၾကပ္ႀကီးစာေရး"
"Unit Accountant","တပ္စာရင္းကိုင္"
"Apprentice","အလုပ္သင္ဗိုလ္"
